cell_id,count,ratio
CELL_000861,1,0.00017006802721088434
CELL_005371,1,0.00017006802721088434
CELL_005300,1,0.00017006802721088434
CELL_000200,1,0.00017006802721088434
CELL_003269,1,0.00017006802721088434
CELL_003505,1,0.00017006802721088434
CELL_005586,1,0.00017006802721088434
CELL_002345,1,0.00017006802721088434
CELL_001612,1,0.00017006802721088434
CELL_005756,1,0.00017006802721088434
CELL_002202,1,0.00017006802721088434
CELL_001832,1,0.00017006802721088434
CELL_005361,1,0.00017006802721088434
CELL_003318,1,0.00017006802721088434
CELL_003746,1,0.00017006802721088434
CELL_002863,1,0.00017006802721088434
CELL_003930,1,0.00017006802721088434
CELL_001651,1,0.00017006802721088434
CELL_003280,1,0.00017006802721088434
CELL_004086,1,0.00017006802721088434
CELL_003690,1,0.00017006802721088434
CELL_002689,1,0.00017006802721088434
CELL_002641,1,0.00017006802721088434
CELL_005435,1,0.00017006802721088434
CELL_001900,1,0.00017006802721088434
CELL_004659,1,0.00017006802721088434
CELL_003006,1,0.00017006802721088434
CELL_002735,1,0.00017006802721088434
CELL_000190,1,0.00017006802721088434
CELL_001807,1,0.00017006802721088434
CELL_000976,1,0.00017006802721088434
CELL_002748,1,0.00017006802721088434
CELL_005394,1,0.00017006802721088434
CELL_002889,1,0.00017006802721088434
CELL_000647,1,0.00017006802721088434
CELL_003891,1,0.00017006802721088434
CELL_003557,1,0.00017006802721088434
CELL_003203,1,0.00017006802721088434
CELL_001529,1,0.00017006802721088434
CELL_001268,1,0.00017006802721088434
CELL_002613,1,0.00017006802721088434
CELL_002825,1,0.00017006802721088434
CELL_002042,1,0.00017006802721088434
CELL_000242,1,0.00017006802721088434
CELL_002062,1,0.00017006802721088434
CELL_002364,1,0.00017006802721088434
CELL_000601,1,0.00017006802721088434
CELL_002436,1,0.00017006802721088434
CELL_003153,1,0.00017006802721088434
CELL_000035,1,0.00017006802721088434
CELL_004015,1,0.00017006802721088434
CELL_000776,1,0.00017006802721088434
CELL_002557,1,0.00017006802721088434
CELL_001479,1,0.00017006802721088434
CELL_005487,1,0.00017006802721088434
CELL_001364,1,0.00017006802721088434
CELL_001644,1,0.00017006802721088434
CELL_002806,1,0.00017006802721088434
CELL_001336,1,0.00017006802721088434
CELL_004447,1,0.00017006802721088434
CELL_002465,1,0.00017006802721088434
CELL_003401,1,0.00017006802721088434
CELL_001895,1,0.00017006802721088434
CELL_000808,1,0.00017006802721088434
CELL_003787,1,0.00017006802721088434
CELL_004826,1,0.00017006802721088434
CELL_004611,1,0.00017006802721088434
CELL_003810,1,0.00017006802721088434
CELL_004716,1,0.00017006802721088434
CELL_003470,1,0.00017006802721088434
CELL_003607,1,0.00017006802721088434
CELL_000784,1,0.00017006802721088434
CELL_001774,1,0.00017006802721088434
CELL_002527,1,0.00017006802721088434
CELL_002104,1,0.00017006802721088434
CELL_002742,1,0.00017006802721088434
CELL_004782,1,0.00017006802721088434
CELL_004699,1,0.00017006802721088434
CELL_002255,1,0.00017006802721088434
CELL_002719,1,0.00017006802721088434
CELL_001700,1,0.00017006802721088434
CELL_005187,1,0.00017006802721088434
CELL_003818,1,0.00017006802721088434
CELL_002628,1,0.00017006802721088434
CELL_004518,1,0.00017006802721088434
CELL_002795,1,0.00017006802721088434
CELL_001047,1,0.00017006802721088434
CELL_000507,1,0.00017006802721088434
CELL_005185,1,0.00017006802721088434
CELL_005545,1,0.00017006802721088434
CELL_005652,1,0.00017006802721088434
CELL_001345,1,0.00017006802721088434
CELL_001162,1,0.00017006802721088434
CELL_003086,1,0.00017006802721088434
CELL_002756,1,0.00017006802721088434
CELL_004393,1,0.00017006802721088434
CELL_002896,1,0.00017006802721088434
CELL_003619,1,0.00017006802721088434
CELL_005075,1,0.00017006802721088434
CELL_001804,1,0.00017006802721088434
CELL_004986,1,0.00017006802721088434
CELL_004827,1,0.00017006802721088434
CELL_001898,1,0.00017006802721088434
CELL_000747,1,0.00017006802721088434
CELL_000080,1,0.00017006802721088434
CELL_001110,1,0.00017006802721088434
CELL_004874,1,0.00017006802721088434
CELL_001790,1,0.00017006802721088434
CELL_004454,1,0.00017006802721088434
CELL_003962,1,0.00017006802721088434
CELL_000234,1,0.00017006802721088434
CELL_003608,1,0.00017006802721088434
CELL_001371,1,0.00017006802721088434
CELL_002837,1,0.00017006802721088434
CELL_001783,1,0.00017006802721088434
CELL_004676,1,0.00017006802721088434
CELL_001169,1,0.00017006802721088434
CELL_000813,1,0.00017006802721088434
CELL_004445,1,0.00017006802721088434
CELL_002852,1,0.00017006802721088434
CELL_003797,1,0.00017006802721088434
CELL_000264,1,0.00017006802721088434
CELL_000158,1,0.00017006802721088434
CELL_002214,1,0.00017006802721088434
CELL_004579,1,0.00017006802721088434
CELL_004511,1,0.00017006802721088434
CELL_000961,1,0.00017006802721088434
CELL_005546,1,0.00017006802721088434
CELL_002188,1,0.00017006802721088434
CELL_004568,1,0.00017006802721088434
CELL_003950,1,0.00017006802721088434
CELL_000627,1,0.00017006802721088434
CELL_002604,1,0.00017006802721088434
CELL_002459,1,0.00017006802721088434
CELL_001738,1,0.00017006802721088434
CELL_005791,1,0.00017006802721088434
CELL_005642,1,0.00017006802721088434
CELL_002523,1,0.00017006802721088434
CELL_004476,1,0.00017006802721088434
CELL_004074,1,0.00017006802721088434
CELL_000535,1,0.00017006802721088434
CELL_003185,1,0.00017006802721088434
CELL_003126,1,0.00017006802721088434
CELL_001210,1,0.00017006802721088434
CELL_004931,1,0.00017006802721088434
CELL_000297,1,0.00017006802721088434
CELL_004231,1,0.00017006802721088434
CELL_004421,1,0.00017006802721088434
CELL_001778,1,0.00017006802721088434
CELL_002374,1,0.00017006802721088434
CELL_001789,1,0.00017006802721088434
CELL_005200,1,0.00017006802721088434
CELL_001282,1,0.00017006802721088434
CELL_000157,1,0.00017006802721088434
CELL_004596,1,0.00017006802721088434
CELL_000427,1,0.00017006802721088434
CELL_004935,1,0.00017006802721088434
CELL_001955,1,0.00017006802721088434
CELL_002390,1,0.00017006802721088434
CELL_004206,1,0.00017006802721088434
CELL_003199,1,0.00017006802721088434
CELL_003816,1,0.00017006802721088434
CELL_001098,1,0.00017006802721088434
CELL_002964,1,0.00017006802721088434
CELL_005849,1,0.00017006802721088434
CELL_005078,1,0.00017006802721088434
CELL_002299,1,0.00017006802721088434
CELL_002860,1,0.00017006802721088434
CELL_001039,1,0.00017006802721088434
CELL_001648,1,0.00017006802721088434
CELL_001486,1,0.00017006802721088434
CELL_001104,1,0.00017006802721088434
CELL_003046,1,0.00017006802721088434
CELL_005559,1,0.00017006802721088434
CELL_000178,1,0.00017006802721088434
CELL_003461,1,0.00017006802721088434
CELL_000102,1,0.00017006802721088434
CELL_001324,1,0.00017006802721088434
CELL_005418,1,0.00017006802721088434
CELL_003945,1,0.00017006802721088434
CELL_002648,1,0.00017006802721088434
CELL_000908,1,0.00017006802721088434
CELL_002717,1,0.00017006802721088434
CELL_004565,1,0.00017006802721088434
CELL_001563,1,0.00017006802721088434
CELL_002888,1,0.00017006802721088434
CELL_005260,1,0.00017006802721088434
CELL_001331,1,0.00017006802721088434
CELL_000240,1,0.00017006802721088434
CELL_000978,1,0.00017006802721088434
CELL_001633,1,0.00017006802721088434
CELL_001610,1,0.00017006802721088434
CELL_004100,1,0.00017006802721088434
CELL_003957,1,0.00017006802721088434
CELL_001544,1,0.00017006802721088434
CELL_001502,1,0.00017006802721088434
CELL_001624,1,0.00017006802721088434
CELL_003435,1,0.00017006802721088434
CELL_002313,1,0.00017006802721088434
CELL_001510,1,0.00017006802721088434
CELL_001521,1,0.00017006802721088434
CELL_003802,1,0.00017006802721088434
CELL_004379,1,0.00017006802721088434
CELL_000133,1,0.00017006802721088434
CELL_005818,1,0.00017006802721088434
CELL_000402,1,0.00017006802721088434
CELL_000168,1,0.00017006802721088434
CELL_001505,1,0.00017006802721088434
CELL_004618,1,0.00017006802721088434
CELL_005136,1,0.00017006802721088434
CELL_005748,1,0.00017006802721088434
CELL_003354,1,0.00017006802721088434
CELL_000531,1,0.00017006802721088434
CELL_003847,1,0.00017006802721088434
CELL_004815,1,0.00017006802721088434
CELL_005343,1,0.00017006802721088434
CELL_004713,1,0.00017006802721088434
CELL_001658,1,0.00017006802721088434
CELL_000577,1,0.00017006802721088434
CELL_004705,1,0.00017006802721088434
CELL_005080,1,0.00017006802721088434
CELL_003154,1,0.00017006802721088434
CELL_001551,1,0.00017006802721088434
CELL_004247,1,0.00017006802721088434
CELL_000347,1,0.00017006802721088434
CELL_001744,1,0.00017006802721088434
CELL_002303,1,0.00017006802721088434
CELL_005137,1,0.00017006802721088434
CELL_004990,1,0.00017006802721088434
CELL_001043,1,0.00017006802721088434
CELL_000394,1,0.00017006802721088434
CELL_004078,1,0.00017006802721088434
CELL_002630,1,0.00017006802721088434
CELL_001952,1,0.00017006802721088434
CELL_001670,1,0.00017006802721088434
CELL_005761,1,0.00017006802721088434
CELL_001269,1,0.00017006802721088434
CELL_005714,1,0.00017006802721088434
CELL_002278,1,0.00017006802721088434
CELL_000081,1,0.00017006802721088434
CELL_001965,1,0.00017006802721088434
CELL_001434,1,0.00017006802721088434
CELL_004267,1,0.00017006802721088434
CELL_000953,1,0.00017006802721088434
CELL_001663,1,0.00017006802721088434
CELL_000169,1,0.00017006802721088434
CELL_005865,1,0.00017006802721088434
CELL_003860,1,0.00017006802721088434
CELL_003133,1,0.00017006802721088434
CELL_000015,1,0.00017006802721088434
CELL_004205,1,0.00017006802721088434
CELL_003766,1,0.00017006802721088434
CELL_004928,1,0.00017006802721088434
CELL_002969,1,0.00017006802721088434
CELL_002612,1,0.00017006802721088434
CELL_002032,1,0.00017006802721088434
CELL_004621,1,0.00017006802721088434
CELL_005100,1,0.00017006802721088434
CELL_002167,1,0.00017006802721088434
CELL_003455,1,0.00017006802721088434
CELL_003238,1,0.00017006802721088434
CELL_003827,1,0.00017006802721088434
CELL_005772,1,0.00017006802721088434
CELL_000811,1,0.00017006802721088434
CELL_000309,1,0.00017006802721088434
CELL_003769,1,0.00017006802721088434
CELL_001534,1,0.00017006802721088434
CELL_001177,1,0.00017006802721088434
CELL_000812,1,0.00017006802721088434
CELL_001408,1,0.00017006802721088434
CELL_005550,1,0.00017006802721088434
CELL_000545,1,0.00017006802721088434
CELL_004386,1,0.00017006802721088434
CELL_003210,1,0.00017006802721088434
CELL_004320,1,0.00017006802721088434
CELL_001913,1,0.00017006802721088434
CELL_001946,1,0.00017006802721088434
CELL_000933,1,0.00017006802721088434
CELL_000587,1,0.00017006802721088434
CELL_004167,1,0.00017006802721088434
CELL_005333,1,0.00017006802721088434
CELL_004756,1,0.00017006802721088434
CELL_000372,1,0.00017006802721088434
CELL_002996,1,0.00017006802721088434
CELL_000554,1,0.00017006802721088434
CELL_005356,1,0.00017006802721088434
CELL_001034,1,0.00017006802721088434
CELL_000656,1,0.00017006802721088434
CELL_001375,1,0.00017006802721088434
CELL_003590,1,0.00017006802721088434
CELL_004774,1,0.00017006802721088434
CELL_002695,1,0.00017006802721088434
CELL_004574,1,0.00017006802721088434
CELL_001262,1,0.00017006802721088434
CELL_003480,1,0.00017006802721088434
CELL_001221,1,0.00017006802721088434
CELL_000440,1,0.00017006802721088434
CELL_002616,1,0.00017006802721088434
CELL_002134,1,0.00017006802721088434
CELL_000089,1,0.00017006802721088434
CELL_005039,1,0.00017006802721088434
CELL_000752,1,0.00017006802721088434
CELL_005347,1,0.00017006802721088434
CELL_000320,1,0.00017006802721088434
CELL_000066,1,0.00017006802721088434
CELL_003670,1,0.00017006802721088434
CELL_001363,1,0.00017006802721088434
CELL_004039,1,0.00017006802721088434
CELL_001666,1,0.00017006802721088434
CELL_004481,1,0.00017006802721088434
CELL_004441,1,0.00017006802721088434
CELL_000677,1,0.00017006802721088434
CELL_000539,1,0.00017006802721088434
CELL_000502,1,0.00017006802721088434
CELL_003304,1,0.00017006802721088434
CELL_004344,1,0.00017006802721088434
CELL_001546,1,0.00017006802721088434
CELL_003404,1,0.00017006802721088434
CELL_001631,1,0.00017006802721088434
CELL_003647,1,0.00017006802721088434
CELL_000260,1,0.00017006802721088434
CELL_000280,1,0.00017006802721088434
CELL_001087,1,0.00017006802721088434
CELL_000199,1,0.00017006802721088434
CELL_000788,1,0.00017006802721088434
CELL_005478,1,0.00017006802721088434
CELL_005509,1,0.00017006802721088434
CELL_001076,1,0.00017006802721088434
CELL_002128,1,0.00017006802721088434
CELL_005609,1,0.00017006802721088434
CELL_002586,1,0.00017006802721088434
CELL_002095,1,0.00017006802721088434
CELL_004576,1,0.00017006802721088434
CELL_001129,1,0.00017006802721088434
CELL_002800,1,0.00017006802721088434
CELL_004784,1,0.00017006802721088434
CELL_005061,1,0.00017006802721088434
CELL_002446,1,0.00017006802721088434
CELL_003266,1,0.00017006802721088434
CELL_000352,1,0.00017006802721088434
CELL_002945,1,0.00017006802721088434
CELL_004624,1,0.00017006802721088434
CELL_000182,1,0.00017006802721088434
CELL_005690,1,0.00017006802721088434
CELL_003650,1,0.00017006802721088434
CELL_005098,1,0.00017006802721088434
CELL_002522,1,0.00017006802721088434
CELL_004544,1,0.00017006802721088434
CELL_001236,1,0.00017006802721088434
CELL_004963,1,0.00017006802721088434
CELL_001288,1,0.00017006802721088434
CELL_004560,1,0.00017006802721088434
CELL_002099,1,0.00017006802721088434
CELL_002415,1,0.00017006802721088434
CELL_004528,1,0.00017006802721088434
CELL_005613,1,0.00017006802721088434
CELL_003762,1,0.00017006802721088434
CELL_005247,1,0.00017006802721088434
CELL_001195,1,0.00017006802721088434
CELL_002930,1,0.00017006802721088434
CELL_003308,1,0.00017006802721088434
CELL_003316,1,0.00017006802721088434
CELL_004939,1,0.00017006802721088434
CELL_002537,1,0.00017006802721088434
CELL_002474,1,0.00017006802721088434
CELL_005122,1,0.00017006802721088434
CELL_003943,1,0.00017006802721088434
CELL_004048,1,0.00017006802721088434
CELL_005417,1,0.00017006802721088434
CELL_005404,1,0.00017006802721088434
CELL_000995,1,0.00017006802721088434
CELL_005591,1,0.00017006802721088434
CELL_000016,1,0.00017006802721088434
CELL_002903,1,0.00017006802721088434
CELL_001868,1,0.00017006802721088434
CELL_005532,1,0.00017006802721088434
CELL_002681,1,0.00017006802721088434
CELL_000562,1,0.00017006802721088434
CELL_000034,1,0.00017006802721088434
CELL_004170,1,0.00017006802721088434
CELL_000045,1,0.00017006802721088434
CELL_001298,1,0.00017006802721088434
CELL_002241,1,0.00017006802721088434
CELL_001478,1,0.00017006802721088434
CELL_000231,1,0.00017006802721088434
CELL_002917,1,0.00017006802721088434
CELL_000600,1,0.00017006802721088434
CELL_001058,1,0.00017006802721088434
CELL_004711,1,0.00017006802721088434
CELL_003430,1,0.00017006802721088434
CELL_001351,1,0.00017006802721088434
CELL_000374,1,0.00017006802721088434
CELL_003097,1,0.00017006802721088434
CELL_000009,1,0.00017006802721088434
CELL_002224,1,0.00017006802721088434
CELL_002452,1,0.00017006802721088434
CELL_005767,1,0.00017006802721088434
CELL_005127,1,0.00017006802721088434
CELL_003648,1,0.00017006802721088434
CELL_000038,1,0.00017006802721088434
CELL_002228,1,0.00017006802721088434
CELL_003856,1,0.00017006802721088434
CELL_003182,1,0.00017006802721088434
CELL_002413,1,0.00017006802721088434
CELL_002752,1,0.00017006802721088434
CELL_005465,1,0.00017006802721088434
CELL_002352,1,0.00017006802721088434
CELL_003391,1,0.00017006802721088434
CELL_001200,1,0.00017006802721088434
CELL_001766,1,0.00017006802721088434
CELL_001182,1,0.00017006802721088434
CELL_003579,1,0.00017006802721088434
CELL_002573,1,0.00017006802721088434
CELL_003358,1,0.00017006802721088434
CELL_002844,1,0.00017006802721088434
CELL_003127,1,0.00017006802721088434
CELL_004336,1,0.00017006802721088434
CELL_002351,1,0.00017006802721088434
CELL_000623,1,0.00017006802721088434
CELL_000764,1,0.00017006802721088434
CELL_004384,1,0.00017006802721088434
CELL_002307,1,0.00017006802721088434
CELL_002442,1,0.00017006802721088434
CELL_002524,1,0.00017006802721088434
CELL_002421,1,0.00017006802721088434
CELL_002900,1,0.00017006802721088434
CELL_004872,1,0.00017006802721088434
CELL_003955,1,0.00017006802721088434
CELL_002478,1,0.00017006802721088434
CELL_002743,1,0.00017006802721088434
CELL_005097,1,0.00017006802721088434
CELL_004260,1,0.00017006802721088434
CELL_002272,1,0.00017006802721088434
CELL_002178,1,0.00017006802721088434
CELL_001394,1,0.00017006802721088434
CELL_005689,1,0.00017006802721088434
CELL_002437,1,0.00017006802721088434
CELL_004940,1,0.00017006802721088434
CELL_000326,1,0.00017006802721088434
CELL_003831,1,0.00017006802721088434
CELL_003837,1,0.00017006802721088434
CELL_004586,1,0.00017006802721088434
CELL_003471,1,0.00017006802721088434
CELL_003018,1,0.00017006802721088434
CELL_000411,1,0.00017006802721088434
CELL_003083,1,0.00017006802721088434
CELL_004604,1,0.00017006802721088434
CELL_005455,1,0.00017006802721088434
CELL_001966,1,0.00017006802721088434
CELL_003686,1,0.00017006802721088434
CELL_003845,1,0.00017006802721088434
CELL_001721,1,0.00017006802721088434
CELL_005840,1,0.00017006802721088434
CELL_003741,1,0.00017006802721088434
CELL_002926,1,0.00017006802721088434
CELL_001819,1,0.00017006802721088434
CELL_002078,1,0.00017006802721088434
CELL_004271,1,0.00017006802721088434
CELL_004181,1,0.00017006802721088434
CELL_005466,1,0.00017006802721088434
CELL_000916,1,0.00017006802721088434
CELL_004334,1,0.00017006802721088434
CELL_002705,1,0.00017006802721088434
CELL_003997,1,0.00017006802721088434
CELL_002466,1,0.00017006802721088434
CELL_000970,1,0.00017006802721088434
CELL_002703,1,0.00017006802721088434
CELL_002898,1,0.00017006802721088434
CELL_003893,1,0.00017006802721088434
CELL_005434,1,0.00017006802721088434
CELL_005538,1,0.00017006802721088434
CELL_000325,1,0.00017006802721088434
CELL_005739,1,0.00017006802721088434
CELL_002105,1,0.00017006802721088434
CELL_000064,1,0.00017006802721088434
CELL_000706,1,0.00017006802721088434
CELL_005234,1,0.00017006802721088434
CELL_002210,1,0.00017006802721088434
CELL_005225,1,0.00017006802721088434
CELL_001537,1,0.00017006802721088434
CELL_004994,1,0.00017006802721088434
CELL_000241,1,0.00017006802721088434
CELL_005574,1,0.00017006802721088434
CELL_001818,1,0.00017006802721088434
CELL_003406,1,0.00017006802721088434
CELL_000466,1,0.00017006802721088434
CELL_000298,1,0.00017006802721088434
CELL_005656,1,0.00017006802721088434
CELL_004367,1,0.00017006802721088434
CELL_002707,1,0.00017006802721088434
CELL_001667,1,0.00017006802721088434
CELL_005317,1,0.00017006802721088434
CELL_004851,1,0.00017006802721088434
CELL_000599,1,0.00017006802721088434
CELL_002877,1,0.00017006802721088434
CELL_000018,1,0.00017006802721088434
CELL_001727,1,0.00017006802721088434
CELL_005588,1,0.00017006802721088434
CELL_005184,1,0.00017006802721088434
CELL_001967,1,0.00017006802721088434
CELL_003867,1,0.00017006802721088434
CELL_003990,1,0.00017006802721088434
CELL_003560,1,0.00017006802721088434
CELL_002288,1,0.00017006802721088434
CELL_001562,1,0.00017006802721088434
CELL_004591,1,0.00017006802721088434
CELL_005710,1,0.00017006802721088434
CELL_001437,1,0.00017006802721088434
CELL_005118,1,0.00017006802721088434
CELL_003707,1,0.00017006802721088434
CELL_002866,1,0.00017006802721088434
CELL_002572,1,0.00017006802721088434
CELL_001731,1,0.00017006802721088434
CELL_003247,1,0.00017006802721088434
CELL_000682,1,0.00017006802721088434
CELL_000743,1,0.00017006802721088434
CELL_000248,1,0.00017006802721088434
CELL_005328,1,0.00017006802721088434
CELL_005319,1,0.00017006802721088434
CELL_002608,1,0.00017006802721088434
CELL_001412,1,0.00017006802721088434
CELL_001892,1,0.00017006802721088434
CELL_000605,1,0.00017006802721088434
CELL_000334,1,0.00017006802721088434
CELL_005407,1,0.00017006802721088434
CELL_001145,1,0.00017006802721088434
CELL_001322,1,0.00017006802721088434
CELL_003726,1,0.00017006802721088434
CELL_004296,1,0.00017006802721088434
CELL_001587,1,0.00017006802721088434
CELL_000085,1,0.00017006802721088434
CELL_001653,1,0.00017006802721088434
CELL_004370,1,0.00017006802721088434
CELL_005598,1,0.00017006802721088434
CELL_002158,1,0.00017006802721088434
CELL_004359,1,0.00017006802721088434
CELL_005015,1,0.00017006802721088434
CELL_000684,1,0.00017006802721088434
CELL_002463,1,0.00017006802721088434
CELL_002305,1,0.00017006802721088434
CELL_000806,1,0.00017006802721088434
CELL_004464,1,0.00017006802721088434
CELL_003781,1,0.00017006802721088434
CELL_004985,1,0.00017006802721088434
CELL_004516,1,0.00017006802721088434
CELL_005670,1,0.00017006802721088434
CELL_002407,1,0.00017006802721088434
CELL_001045,1,0.00017006802721088434
CELL_004340,1,0.00017006802721088434
CELL_004523,1,0.00017006802721088434
CELL_002722,1,0.00017006802721088434
CELL_004222,1,0.00017006802721088434
CELL_000150,1,0.00017006802721088434
CELL_001159,1,0.00017006802721088434
CELL_004902,1,0.00017006802721088434
CELL_000291,1,0.00017006802721088434
CELL_000454,1,0.00017006802721088434
CELL_001329,1,0.00017006802721088434
CELL_005390,1,0.00017006802721088434
CELL_001787,1,0.00017006802721088434
CELL_001033,1,0.00017006802721088434
CELL_003671,1,0.00017006802721088434
CELL_004723,1,0.00017006802721088434
CELL_005485,1,0.00017006802721088434
CELL_002802,1,0.00017006802721088434
CELL_000316,1,0.00017006802721088434
CELL_004392,1,0.00017006802721088434
CELL_001515,1,0.00017006802721088434
CELL_005456,1,0.00017006802721088434
CELL_000697,1,0.00017006802721088434
CELL_003985,1,0.00017006802721088434
CELL_003003,1,0.00017006802721088434
CELL_005437,1,0.00017006802721088434
CELL_001877,1,0.00017006802721088434
CELL_005360,1,0.00017006802721088434
CELL_004013,1,0.00017006802721088434
CELL_001316,1,0.00017006802721088434
CELL_002701,1,0.00017006802721088434
CELL_001748,1,0.00017006802721088434
CELL_001232,1,0.00017006802721088434
CELL_002164,1,0.00017006802721088434
CELL_004627,1,0.00017006802721088434
CELL_000136,1,0.00017006802721088434
CELL_003419,1,0.00017006802721088434
CELL_000795,1,0.00017006802721088434
CELL_001733,1,0.00017006802721088434
CELL_001164,1,0.00017006802721088434
CELL_003259,1,0.00017006802721088434
CELL_000125,1,0.00017006802721088434
CELL_000103,1,0.00017006802721088434
CELL_002482,1,0.00017006802721088434
CELL_002944,1,0.00017006802721088434
CELL_000801,1,0.00017006802721088434
CELL_004440,1,0.00017006802721088434
CELL_002946,1,0.00017006802721088434
CELL_003525,1,0.00017006802721088434
CELL_000382,1,0.00017006802721088434
CELL_002771,1,0.00017006802721088434
CELL_005680,1,0.00017006802721088434
CELL_000423,1,0.00017006802721088434
CELL_004417,1,0.00017006802721088434
CELL_002381,1,0.00017006802721088434
CELL_005202,1,0.00017006802721088434
CELL_001074,1,0.00017006802721088434
CELL_000249,1,0.00017006802721088434
CELL_005298,1,0.00017006802721088434
CELL_003872,1,0.00017006802721088434
CELL_000448,1,0.00017006802721088434
CELL_002894,1,0.00017006802721088434
CELL_002654,1,0.00017006802721088434
CELL_000419,1,0.00017006802721088434
CELL_002169,1,0.00017006802721088434
CELL_002192,1,0.00017006802721088434
CELL_005140,1,0.00017006802721088434
CELL_004848,1,0.00017006802721088434
CELL_004221,1,0.00017006802721088434
CELL_005149,1,0.00017006802721088434
CELL_000145,1,0.00017006802721088434
CELL_000381,1,0.00017006802721088434
CELL_001613,1,0.00017006802721088434
CELL_001023,1,0.00017006802721088434
CELL_003214,1,0.00017006802721088434
CELL_000122,1,0.00017006802721088434
CELL_000612,1,0.00017006802721088434
CELL_002229,1,0.00017006802721088434
CELL_005076,1,0.00017006802721088434
CELL_002595,1,0.00017006802721088434
CELL_005266,1,0.00017006802721088434
CELL_004669,1,0.00017006802721088434
CELL_001884,1,0.00017006802721088434
CELL_004868,1,0.00017006802721088434
CELL_004830,1,0.00017006802721088434
CELL_005721,1,0.00017006802721088434
CELL_001484,1,0.00017006802721088434
CELL_005674,1,0.00017006802721088434
CELL_002955,1,0.00017006802721088434
CELL_002116,1,0.00017006802721088434
CELL_001741,1,0.00017006802721088434
CELL_005506,1,0.00017006802721088434
CELL_004311,1,0.00017006802721088434
CELL_001273,1,0.00017006802721088434
CELL_003241,1,0.00017006802721088434
CELL_001695,1,0.00017006802721088434
CELL_001863,1,0.00017006802721088434
CELL_002230,1,0.00017006802721088434
CELL_000590,1,0.00017006802721088434
CELL_004783,1,0.00017006802721088434
CELL_002234,1,0.00017006802721088434
CELL_002555,1,0.00017006802721088434
CELL_004869,1,0.00017006802721088434
CELL_002300,1,0.00017006802721088434
CELL_000415,1,0.00017006802721088434
CELL_000809,1,0.00017006802721088434
CELL_005548,1,0.00017006802721088434
CELL_003264,1,0.00017006802721088434
CELL_000866,1,0.00017006802721088434
CELL_000880,1,0.00017006802721088434
CELL_003537,1,0.00017006802721088434
CELL_001143,1,0.00017006802721088434
CELL_002441,1,0.00017006802721088434
CELL_002821,1,0.00017006802721088434
CELL_003410,1,0.00017006802721088434
CELL_005046,1,0.00017006802721088434
CELL_002982,1,0.00017006802721088434
CELL_000108,1,0.00017006802721088434
CELL_000030,1,0.00017006802721088434
CELL_005557,1,0.00017006802721088434
CELL_003122,1,0.00017006802721088434
CELL_003014,1,0.00017006802721088434
CELL_005495,1,0.00017006802721088434
CELL_000585,1,0.00017006802721088434
CELL_005058,1,0.00017006802721088434
CELL_002700,1,0.00017006802721088434
CELL_001481,1,0.00017006802721088434
CELL_002916,1,0.00017006802721088434
CELL_003771,1,0.00017006802721088434
CELL_002911,1,0.00017006802721088434
CELL_000438,1,0.00017006802721088434
CELL_003114,1,0.00017006802721088434
CELL_002686,1,0.00017006802721088434
CELL_002953,1,0.00017006802721088434
CELL_000713,1,0.00017006802721088434
CELL_003698,1,0.00017006802721088434
CELL_004559,1,0.00017006802721088434
CELL_001601,1,0.00017006802721088434
CELL_002273,1,0.00017006802721088434
CELL_003621,1,0.00017006802721088434
CELL_003036,1,0.00017006802721088434
CELL_000209,1,0.00017006802721088434
CELL_003586,1,0.00017006802721088434
CELL_004197,1,0.00017006802721088434
CELL_000426,1,0.00017006802721088434
CELL_004959,1,0.00017006802721088434
CELL_001003,1,0.00017006802721088434
CELL_005170,1,0.00017006802721088434
CELL_000927,1,0.00017006802721088434
CELL_000890,1,0.00017006802721088434
CELL_004684,1,0.00017006802721088434
CELL_000625,1,0.00017006802721088434
CELL_000070,1,0.00017006802721088434
CELL_001398,1,0.00017006802721088434
CELL_003700,1,0.00017006802721088434
CELL_002997,1,0.00017006802721088434
CELL_000894,1,0.00017006802721088434
CELL_004942,1,0.00017006802721088434
CELL_003113,1,0.00017006802721088434
CELL_003353,1,0.00017006802721088434
CELL_004251,1,0.00017006802721088434
CELL_001048,1,0.00017006802721088434
CELL_000091,1,0.00017006802721088434
CELL_000748,1,0.00017006802721088434
CELL_001536,1,0.00017006802721088434
CELL_003383,1,0.00017006802721088434
CELL_005449,1,0.00017006802721088434
CELL_002781,1,0.00017006802721088434
CELL_005753,1,0.00017006802721088434
CELL_002842,1,0.00017006802721088434
CELL_000965,1,0.00017006802721088434
CELL_001198,1,0.00017006802721088434
CELL_001540,1,0.00017006802721088434
CELL_005195,1,0.00017006802721088434
CELL_004767,1,0.00017006802721088434
CELL_003045,1,0.00017006802721088434
CELL_004310,1,0.00017006802721088434
CELL_005133,1,0.00017006802721088434
CELL_000756,1,0.00017006802721088434
CELL_005473,1,0.00017006802721088434
CELL_000765,1,0.00017006802721088434
CELL_004385,1,0.00017006802721088434
CELL_001581,1,0.00017006802721088434
CELL_000556,1,0.00017006802721088434
CELL_002084,1,0.00017006802721088434
CELL_005575,1,0.00017006802721088434
CELL_002779,1,0.00017006802721088434
CELL_005583,1,0.00017006802721088434
CELL_002046,1,0.00017006802721088434
CELL_005306,1,0.00017006802721088434
CELL_005099,1,0.00017006802721088434
CELL_003054,1,0.00017006802721088434
CELL_001567,1,0.00017006802721088434
CELL_003076,1,0.00017006802721088434
CELL_003096,1,0.00017006802721088434
CELL_001220,1,0.00017006802721088434
CELL_005654,1,0.00017006802721088434
CELL_003432,1,0.00017006802721088434
CELL_003904,1,0.00017006802721088434
CELL_000578,1,0.00017006802721088434
CELL_002094,1,0.00017006802721088434
CELL_000246,1,0.00017006802721088434
CELL_004105,1,0.00017006802721088434
CELL_000368,1,0.00017006802721088434
CELL_003170,1,0.00017006802721088434
CELL_000294,1,0.00017006802721088434
CELL_005625,1,0.00017006802721088434
CELL_000446,1,0.00017006802721088434
CELL_000469,1,0.00017006802721088434
CELL_004852,1,0.00017006802721088434
CELL_003631,1,0.00017006802721088434
CELL_002025,1,0.00017006802721088434
CELL_003751,1,0.00017006802721088434
CELL_005793,1,0.00017006802721088434
CELL_001673,1,0.00017006802721088434
CELL_000492,1,0.00017006802721088434
CELL_005040,1,0.00017006802721088434
CELL_002958,1,0.00017006802721088434
CELL_000472,1,0.00017006802721088434
CELL_003476,1,0.00017006802721088434
CELL_004371,1,0.00017006802721088434
CELL_004161,1,0.00017006802721088434
CELL_000749,1,0.00017006802721088434
CELL_002643,1,0.00017006802721088434
CELL_004473,1,0.00017006802721088434
CELL_001050,1,0.00017006802721088434
CELL_005066,1,0.00017006802721088434
CELL_003665,1,0.00017006802721088434
CELL_001570,1,0.00017006802721088434
CELL_003593,1,0.00017006802721088434
CELL_004129,1,0.00017006802721088434
CELL_003440,1,0.00017006802721088434
CELL_002679,1,0.00017006802721088434
CELL_003546,1,0.00017006802721088434
CELL_001323,1,0.00017006802721088434
CELL_002928,1,0.00017006802721088434
CELL_001174,1,0.00017006802721088434
CELL_001814,1,0.00017006802721088434
CELL_003384,1,0.00017006802721088434
CELL_005757,1,0.00017006802721088434
CELL_005159,1,0.00017006802721088434
CELL_005474,1,0.00017006802721088434
CELL_000152,1,0.00017006802721088434
CELL_001187,1,0.00017006802721088434
CELL_001943,1,0.00017006802721088434
CELL_004897,1,0.00017006802721088434
CELL_004232,1,0.00017006802721088434
CELL_000293,1,0.00017006802721088434
CELL_002219,1,0.00017006802721088434
CELL_000550,1,0.00017006802721088434
CELL_004169,1,0.00017006802721088434
CELL_001130,1,0.00017006802721088434
CELL_001449,1,0.00017006802721088434
CELL_002938,1,0.00017006802721088434
CELL_002329,1,0.00017006802721088434
CELL_005351,1,0.00017006802721088434
CELL_001565,1,0.00017006802721088434
CELL_003246,1,0.00017006802721088434
CELL_003765,1,0.00017006802721088434
CELL_001488,1,0.00017006802721088434
CELL_003553,1,0.00017006802721088434
CELL_001096,1,0.00017006802721088434
CELL_002009,1,0.00017006802721088434
CELL_003429,1,0.00017006802721088434
CELL_000228,1,0.00017006802721088434
CELL_004668,1,0.00017006802721088434
CELL_001176,1,0.00017006802721088434
CELL_003012,1,0.00017006802721088434
CELL_000882,1,0.00017006802721088434
CELL_003577,1,0.00017006802721088434
CELL_002619,1,0.00017006802721088434
CELL_002408,1,0.00017006802721088434
CELL_004236,1,0.00017006802721088434
CELL_000355,1,0.00017006802721088434
CELL_000252,1,0.00017006802721088434
CELL_000186,1,0.00017006802721088434
CELL_004396,1,0.00017006802721088434
CELL_005842,1,0.00017006802721088434
CELL_002664,1,0.00017006802721088434
CELL_000506,1,0.00017006802721088434
CELL_001401,1,0.00017006802721088434
CELL_005747,1,0.00017006802721088434
CELL_001189,1,0.00017006802721088434
CELL_004109,1,0.00017006802721088434
CELL_003011,1,0.00017006802721088434
CELL_005547,1,0.00017006802721088434
CELL_002147,1,0.00017006802721088434
CELL_000614,1,0.00017006802721088434
CELL_001993,1,0.00017006802721088434
CELL_001746,1,0.00017006802721088434
CELL_001075,1,0.00017006802721088434
CELL_002941,1,0.00017006802721088434
CELL_003791,1,0.00017006802721088434
CELL_004910,1,0.00017006802721088434
CELL_004524,1,0.00017006802721088434
CELL_004154,1,0.00017006802721088434
CELL_002590,1,0.00017006802721088434
CELL_004982,1,0.00017006802721088434
CELL_004089,1,0.00017006802721088434
CELL_001559,1,0.00017006802721088434
CELL_001213,1,0.00017006802721088434
CELL_002909,1,0.00017006802721088434
CELL_005490,1,0.00017006802721088434
CELL_005781,1,0.00017006802721088434
CELL_001508,1,0.00017006802721088434
CELL_005385,1,0.00017006802721088434
CELL_001701,1,0.00017006802721088434
CELL_004651,1,0.00017006802721088434
CELL_003587,1,0.00017006802721088434
CELL_005523,1,0.00017006802721088434
CELL_004182,1,0.00017006802721088434
CELL_001056,1,0.00017006802721088434
CELL_000417,1,0.00017006802721088434
CELL_000692,1,0.00017006802721088434
CELL_004217,1,0.00017006802721088434
CELL_001171,1,0.00017006802721088434
CELL_000565,1,0.00017006802721088434
CELL_004709,1,0.00017006802721088434
CELL_004140,1,0.00017006802721088434
CELL_004254,1,0.00017006802721088434
CELL_004551,1,0.00017006802721088434
CELL_003617,1,0.00017006802721088434
CELL_005507,1,0.00017006802721088434
CELL_003324,1,0.00017006802721088434
CELL_001173,1,0.00017006802721088434
CELL_002096,1,0.00017006802721088434
CELL_003134,1,0.00017006802721088434
CELL_001184,1,0.00017006802721088434
CELL_001122,1,0.00017006802721088434
CELL_005236,1,0.00017006802721088434
CELL_001085,1,0.00017006802721088434
CELL_003725,1,0.00017006802721088434
CELL_004449,1,0.00017006802721088434
CELL_002274,1,0.00017006802721088434
CELL_004960,1,0.00017006802721088434
CELL_003683,1,0.00017006802721088434
CELL_005009,1,0.00017006802721088434
CELL_000107,1,0.00017006802721088434
CELL_004951,1,0.00017006802721088434
CELL_004766,1,0.00017006802721088434
CELL_002901,1,0.00017006802721088434
CELL_005382,1,0.00017006802721088434
CELL_005171,1,0.00017006802721088434
CELL_000722,1,0.00017006802721088434
CELL_002760,1,0.00017006802721088434
CELL_003936,1,0.00017006802721088434
CELL_003362,1,0.00017006802721088434
CELL_004587,1,0.00017006802721088434
CELL_002678,1,0.00017006802721088434
CELL_000094,1,0.00017006802721088434
CELL_003167,1,0.00017006802721088434
CELL_005301,1,0.00017006802721088434
CELL_000498,1,0.00017006802721088434
CELL_004353,1,0.00017006802721088434
CELL_002419,1,0.00017006802721088434
CELL_003255,1,0.00017006802721088434
CELL_005043,1,0.00017006802721088434
CELL_005812,1,0.00017006802721088434
CELL_002665,1,0.00017006802721088434
CELL_005428,1,0.00017006802721088434
CELL_005188,1,0.00017006802721088434
CELL_000606,1,0.00017006802721088434
CELL_005085,1,0.00017006802721088434
CELL_002043,1,0.00017006802721088434
CELL_003413,1,0.00017006802721088434
CELL_000479,1,0.00017006802721088434
CELL_003790,1,0.00017006802721088434
CELL_005294,1,0.00017006802721088434
CELL_000180,1,0.00017006802721088434
CELL_002670,1,0.00017006802721088434
CELL_000143,1,0.00017006802721088434
CELL_004499,1,0.00017006802721088434
CELL_005873,1,0.00017006802721088434
CELL_005155,1,0.00017006802721088434
CELL_005528,1,0.00017006802721088434
CELL_001091,1,0.00017006802721088434
CELL_001889,1,0.00017006802721088434
CELL_000626,1,0.00017006802721088434
CELL_001303,1,0.00017006802721088434
CELL_005501,1,0.00017006802721088434
CELL_005220,1,0.00017006802721088434
CELL_003784,1,0.00017006802721088434
CELL_002023,1,0.00017006802721088434
CELL_000273,1,0.00017006802721088434
CELL_003556,1,0.00017006802721088434
CELL_000897,1,0.00017006802721088434
CELL_004838,1,0.00017006802721088434
CELL_001457,1,0.00017006802721088434
CELL_000337,1,0.00017006802721088434
CELL_003485,1,0.00017006802721088434
CELL_002520,1,0.00017006802721088434
CELL_003832,1,0.00017006802721088434
CELL_004444,1,0.00017006802721088434
CELL_002115,1,0.00017006802721088434
CELL_005850,1,0.00017006802721088434
CELL_000731,1,0.00017006802721088434
CELL_004740,1,0.00017006802721088434
CELL_000473,1,0.00017006802721088434
CELL_003783,1,0.00017006802721088434
CELL_003520,1,0.00017006802721088434
CELL_004692,1,0.00017006802721088434
CELL_001920,1,0.00017006802721088434
CELL_002269,1,0.00017006802721088434
CELL_000111,1,0.00017006802721088434
CELL_000474,1,0.00017006802721088434
CELL_003712,1,0.00017006802721088434
CELL_003207,1,0.00017006802721088434
CELL_003034,1,0.00017006802721088434
CELL_001730,1,0.00017006802721088434
CELL_003706,1,0.00017006802721088434
CELL_004988,1,0.00017006802721088434
CELL_004735,1,0.00017006802721088434
CELL_001026,1,0.00017006802721088434
CELL_000255,1,0.00017006802721088434
CELL_002233,1,0.00017006802721088434
CELL_004011,1,0.00017006802721088434
CELL_004578,1,0.00017006802721088434
CELL_003951,1,0.00017006802721088434
CELL_002768,1,0.00017006802721088434
CELL_005327,1,0.00017006802721088434
CELL_003558,1,0.00017006802721088434
CELL_000766,1,0.00017006802721088434
CELL_000287,1,0.00017006802721088434
CELL_005498,1,0.00017006802721088434
CELL_004835,1,0.00017006802721088434
CELL_003168,1,0.00017006802721088434
CELL_000308,1,0.00017006802721088434
CELL_001979,1,0.00017006802721088434
CELL_004149,1,0.00017006802721088434
CELL_002183,1,0.00017006802721088434
CELL_001455,1,0.00017006802721088434
CELL_004276,1,0.00017006802721088434
CELL_004971,1,0.00017006802721088434
CELL_000487,1,0.00017006802721088434
CELL_001722,1,0.00017006802721088434
CELL_002499,1,0.00017006802721088434
CELL_000725,1,0.00017006802721088434
CELL_000072,1,0.00017006802721088434
CELL_004084,1,0.00017006802721088434
CELL_002733,1,0.00017006802721088434
CELL_005638,1,0.00017006802721088434
CELL_005695,1,0.00017006802721088434
CELL_005348,1,0.00017006802721088434
CELL_004642,1,0.00017006802721088434
CELL_003722,1,0.00017006802721088434
CELL_005460,1,0.00017006802721088434
CELL_003563,1,0.00017006802721088434
CELL_005537,1,0.00017006802721088434
CELL_005737,1,0.00017006802721088434
CELL_005754,1,0.00017006802721088434
CELL_002264,1,0.00017006802721088434
CELL_005401,1,0.00017006802721088434
CELL_005067,1,0.00017006802721088434
CELL_003335,1,0.00017006802721088434
CELL_005697,1,0.00017006802721088434
CELL_004725,1,0.00017006802721088434
CELL_005605,1,0.00017006802721088434
CELL_005438,1,0.00017006802721088434
CELL_005182,1,0.00017006802721088434
CELL_004184,1,0.00017006802721088434
CELL_003393,1,0.00017006802721088434
CELL_001021,1,0.00017006802721088434
CELL_001452,1,0.00017006802721088434
CELL_000712,1,0.00017006802721088434
CELL_001756,1,0.00017006802721088434
CELL_001245,1,0.00017006802721088434
CELL_004588,1,0.00017006802721088434
CELL_005141,1,0.00017006802721088434
CELL_000738,1,0.00017006802721088434
CELL_004681,1,0.00017006802721088434
CELL_000849,1,0.00017006802721088434
CELL_002570,1,0.00017006802721088434
CELL_001770,1,0.00017006802721088434
CELL_005380,1,0.00017006802721088434
CELL_002634,1,0.00017006802721088434
CELL_005496,1,0.00017006802721088434
CELL_004195,1,0.00017006802721088434
CELL_005094,1,0.00017006802721088434
CELL_000444,1,0.00017006802721088434
CELL_004845,1,0.00017006802721088434
CELL_002504,1,0.00017006802721088434
CELL_002846,1,0.00017006802721088434
CELL_004921,1,0.00017006802721088434
CELL_005144,1,0.00017006802721088434
CELL_001346,1,0.00017006802721088434
CELL_001870,1,0.00017006802721088434
CELL_003801,1,0.00017006802721088434
CELL_005179,1,0.00017006802721088434
CELL_004087,1,0.00017006802721088434
CELL_002111,1,0.00017006802721088434
CELL_000912,1,0.00017006802721088434
CELL_000048,1,0.00017006802721088434
CELL_002788,1,0.00017006802721088434
CELL_002068,1,0.00017006802721088434
CELL_000979,1,0.00017006802721088434
CELL_002358,1,0.00017006802721088434
CELL_000229,1,0.00017006802721088434
CELL_005051,1,0.00017006802721088434
CELL_001472,1,0.00017006802721088434
CELL_002761,1,0.00017006802721088434
CELL_002922,1,0.00017006802721088434
CELL_005166,1,0.00017006802721088434
CELL_005012,1,0.00017006802721088434
CELL_001938,1,0.00017006802721088434
CELL_000862,1,0.00017006802721088434
CELL_000904,1,0.00017006802721088434
CELL_003236,1,0.00017006802721088434
CELL_000110,1,0.00017006802721088434
CELL_002576,1,0.00017006802721088434
CELL_000031,1,0.00017006802721088434
CELL_000790,1,0.00017006802721088434
CELL_001194,1,0.00017006802721088434
CELL_001243,1,0.00017006802721088434
CELL_000101,1,0.00017006802721088434
CELL_004174,1,0.00017006802721088434
CELL_002265,1,0.00017006802721088434
CELL_003040,1,0.00017006802721088434
CELL_003795,1,0.00017006802721088434
CELL_000735,1,0.00017006802721088434
CELL_004927,1,0.00017006802721088434
CELL_000486,1,0.00017006802721088434
CELL_005139,1,0.00017006802721088434
CELL_000453,1,0.00017006802721088434
CELL_001411,1,0.00017006802721088434
CELL_004505,1,0.00017006802721088434
CELL_003961,1,0.00017006802721088434
CELL_004916,1,0.00017006802721088434
CELL_000777,1,0.00017006802721088434
CELL_005564,1,0.00017006802721088434
CELL_000184,1,0.00017006802721088434
CELL_005763,1,0.00017006802721088434
CELL_003940,1,0.00017006802721088434
CELL_001927,1,0.00017006802721088434
CELL_005542,1,0.00017006802721088434
CELL_003935,1,0.00017006802721088434
CELL_003919,1,0.00017006802721088434
CELL_005021,1,0.00017006802721088434
CELL_003412,1,0.00017006802721088434
CELL_005524,1,0.00017006802721088434
CELL_002883,1,0.00017006802721088434
CELL_001840,1,0.00017006802721088434
CELL_004081,1,0.00017006802721088434
CELL_000810,1,0.00017006802721088434
CELL_005029,1,0.00017006802721088434
CELL_001635,1,0.00017006802721088434
CELL_005788,1,0.00017006802721088434
CELL_004623,1,0.00017006802721088434
CELL_004153,1,0.00017006802721088434
CELL_004503,1,0.00017006802721088434
CELL_005275,1,0.00017006802721088434
CELL_003689,1,0.00017006802721088434
CELL_001102,1,0.00017006802721088434
CELL_001903,1,0.00017006802721088434
CELL_005527,1,0.00017006802721088434
CELL_003735,1,0.00017006802721088434
CELL_001095,1,0.00017006802721088434
CELL_001596,1,0.00017006802721088434
CELL_004762,1,0.00017006802721088434
CELL_004938,1,0.00017006802721088434
CELL_002659,1,0.00017006802721088434
CELL_001320,1,0.00017006802721088434
CELL_003387,1,0.00017006802721088434
CELL_005744,1,0.00017006802721088434
CELL_004049,1,0.00017006802721088434
CELL_002875,1,0.00017006802721088434
CELL_004284,1,0.00017006802721088434
CELL_000013,1,0.00017006802721088434
CELL_001118,1,0.00017006802721088434
CELL_004563,1,0.00017006802721088434
CELL_000643,1,0.00017006802721088434
CELL_003209,1,0.00017006802721088434
CELL_001352,1,0.00017006802721088434
CELL_004693,1,0.00017006802721088434
CELL_004907,1,0.00017006802721088434
CELL_002451,1,0.00017006802721088434
CELL_004520,1,0.00017006802721088434
CELL_003552,1,0.00017006802721088434
CELL_003129,1,0.00017006802721088434
CELL_004793,1,0.00017006802721088434
CELL_000945,1,0.00017006802721088434
CELL_004678,1,0.00017006802721088434
CELL_000830,1,0.00017006802721088434
CELL_001655,1,0.00017006802721088434
CELL_000439,1,0.00017006802721088434
CELL_005624,1,0.00017006802721088434
CELL_004887,1,0.00017006802721088434
CELL_001420,1,0.00017006802721088434
CELL_000926,1,0.00017006802721088434
CELL_002904,1,0.00017006802721088434
CELL_001558,1,0.00017006802721088434
CELL_005517,1,0.00017006802721088434
CELL_004003,1,0.00017006802721088434
CELL_005168,1,0.00017006802721088434
CELL_004326,1,0.00017006802721088434
CELL_002198,1,0.00017006802721088434
CELL_005847,1,0.00017006802721088434
CELL_003679,1,0.00017006802721088434
CELL_002211,1,0.00017006802721088434
CELL_002330,1,0.00017006802721088434
CELL_002820,1,0.00017006802721088434
CELL_004261,1,0.00017006802721088434
CELL_000694,1,0.00017006802721088434
CELL_005387,1,0.00017006802721088434
CELL_004889,1,0.00017006802721088434
CELL_000288,1,0.00017006802721088434
CELL_001088,1,0.00017006802721088434
CELL_001600,1,0.00017006802721088434
CELL_004356,1,0.00017006802721088434
CELL_001514,1,0.00017006802721088434
CELL_004042,1,0.00017006802721088434
CELL_000857,1,0.00017006802721088434
CELL_003996,1,0.00017006802721088434
CELL_002246,1,0.00017006802721088434
CELL_000430,1,0.00017006802721088434
CELL_003297,1,0.00017006802721088434
CELL_002706,1,0.00017006802721088434
CELL_005653,1,0.00017006802721088434
CELL_005016,1,0.00017006802721088434
CELL_003948,1,0.00017006802721088434
CELL_001407,1,0.00017006802721088434
CELL_000839,1,0.00017006802721088434
CELL_003878,1,0.00017006802721088434
CELL_005709,1,0.00017006802721088434
CELL_005378,1,0.00017006802721088434
CELL_001296,1,0.00017006802721088434
CELL_002623,1,0.00017006802721088434
CELL_005013,1,0.00017006802721088434
CELL_005109,1,0.00017006802721088434
CELL_000654,1,0.00017006802721088434
CELL_003307,1,0.00017006802721088434
CELL_005749,1,0.00017006802721088434
CELL_003427,1,0.00017006802721088434
CELL_000114,1,0.00017006802721088434
CELL_004989,1,0.00017006802721088434
CELL_002058,1,0.00017006802721088434
CELL_002285,1,0.00017006802721088434
CELL_003067,1,0.00017006802721088434
CELL_002500,1,0.00017006802721088434
CELL_004746,1,0.00017006802721088434
CELL_002510,1,0.00017006802721088434
CELL_002030,1,0.00017006802721088434
CELL_001384,1,0.00017006802721088434
CELL_004281,1,0.00017006802721088434
CELL_005484,1,0.00017006802721088434
CELL_003215,1,0.00017006802721088434
CELL_004761,1,0.00017006802721088434
CELL_002865,1,0.00017006802721088434
CELL_000211,1,0.00017006802721088434
CELL_005272,1,0.00017006802721088434
CELL_004509,1,0.00017006802721088434
CELL_001224,1,0.00017006802721088434
CELL_000074,1,0.00017006802721088434
CELL_003426,1,0.00017006802721088434
CELL_003277,1,0.00017006802721088434
CELL_003117,1,0.00017006802721088434
CELL_003888,1,0.00017006802721088434
CELL_004904,1,0.00017006802721088434
CELL_003535,1,0.00017006802721088434
CELL_002245,1,0.00017006802721088434
CELL_002448,1,0.00017006802721088434
CELL_004858,1,0.00017006802721088434
CELL_003140,1,0.00017006802721088434
CELL_002624,1,0.00017006802721088434
CELL_001729,1,0.00017006802721088434
CELL_002517,1,0.00017006802721088434
CELL_001919,1,0.00017006802721088434
CELL_001893,1,0.00017006802721088434
CELL_005571,1,0.00017006802721088434
CELL_005055,1,0.00017006802721088434
CELL_000480,1,0.00017006802721088434
CELL_001115,1,0.00017006802721088434
CELL_000799,1,0.00017006802721088434
CELL_004463,1,0.00017006802721088434
CELL_003338,1,0.00017006802721088434
CELL_000027,1,0.00017006802721088434
CELL_004814,1,0.00017006802721088434
CELL_003928,1,0.00017006802721088434
CELL_004794,1,0.00017006802721088434
CELL_003397,1,0.00017006802721088434
CELL_000253,1,0.00017006802721088434
CELL_000351,1,0.00017006802721088434
CELL_003932,1,0.00017006802721088434
CELL_002432,1,0.00017006802721088434
CELL_000458,1,0.00017006802721088434
CELL_003786,1,0.00017006802721088434
CELL_004853,1,0.00017006802721088434
CELL_002834,1,0.00017006802721088434
CELL_001704,1,0.00017006802721088434
CELL_003701,1,0.00017006802721088434
CELL_002489,1,0.00017006802721088434
CELL_003699,1,0.00017006802721088434
CELL_004253,1,0.00017006802721088434
CELL_002342,1,0.00017006802721088434
CELL_002874,1,0.00017006802721088434
CELL_004457,1,0.00017006802721088434
CELL_005521,1,0.00017006802721088434
CELL_004742,1,0.00017006802721088434
CELL_002514,1,0.00017006802721088434
CELL_003366,1,0.00017006802721088434
CELL_000678,1,0.00017006802721088434
CELL_001439,1,0.00017006802721088434
CELL_004273,1,0.00017006802721088434
CELL_000388,1,0.00017006802721088434
CELL_004437,1,0.00017006802721088434
CELL_004458,1,0.00017006802721088434
CELL_002477,1,0.00017006802721088434
CELL_002433,1,0.00017006802721088434
CELL_004196,1,0.00017006802721088434
CELL_004304,1,0.00017006802721088434
CELL_001742,1,0.00017006802721088434
CELL_002942,1,0.00017006802721088434
CELL_004796,1,0.00017006802721088434
CELL_005774,1,0.00017006802721088434
CELL_003195,1,0.00017006802721088434
CELL_000204,1,0.00017006802721088434
CELL_000340,1,0.00017006802721088434
CELL_000838,1,0.00017006802721088434
CELL_003649,1,0.00017006802721088434
CELL_001739,1,0.00017006802721088434
CELL_002804,1,0.00017006802721088434
CELL_004841,1,0.00017006802721088434
CELL_000608,1,0.00017006802721088434
CELL_005411,1,0.00017006802721088434
CELL_004477,1,0.00017006802721088434
CELL_003271,1,0.00017006802721088434
CELL_005145,1,0.00017006802721088434
CELL_000528,1,0.00017006802721088434
CELL_003890,1,0.00017006802721088434
CELL_002729,1,0.00017006802721088434
CELL_005248,1,0.00017006802721088434
CELL_005047,1,0.00017006802721088434
CELL_003186,1,0.00017006802721088434
CELL_004862,1,0.00017006802721088434
CELL_005499,1,0.00017006802721088434
CELL_002657,1,0.00017006802721088434
CELL_000734,1,0.00017006802721088434
CELL_003544,1,0.00017006802721088434
CELL_004562,1,0.00017006802721088434
CELL_001671,1,0.00017006802721088434
CELL_004992,1,0.00017006802721088434
CELL_004759,1,0.00017006802721088434
CELL_005705,1,0.00017006802721088434
CELL_005326,1,0.00017006802721088434
CELL_002992,1,0.00017006802721088434
CELL_004715,1,0.00017006802721088434
CELL_003064,1,0.00017006802721088434
CELL_004468,1,0.00017006802721088434
CELL_004530,1,0.00017006802721088434
CELL_003758,1,0.00017006802721088434
CELL_003015,1,0.00017006802721088434
CELL_002861,1,0.00017006802721088434
CELL_000062,1,0.00017006802721088434
CELL_001372,1,0.00017006802721088434
CELL_004895,1,0.00017006802721088434
CELL_003212,1,0.00017006802721088434
CELL_000791,1,0.00017006802721088434
CELL_002174,1,0.00017006802721088434
CELL_004375,1,0.00017006802721088434
CELL_000671,1,0.00017006802721088434
CELL_004420,1,0.00017006802721088434
CELL_002978,1,0.00017006802721088434
CELL_003555,1,0.00017006802721088434
CELL_004706,1,0.00017006802721088434
CELL_002776,1,0.00017006802721088434
CELL_000898,1,0.00017006802721088434
CELL_003400,1,0.00017006802721088434
CELL_005350,1,0.00017006802721088434
CELL_005147,1,0.00017006802721088434
CELL_001225,1,0.00017006802721088434
CELL_002690,1,0.00017006802721088434
CELL_001072,1,0.00017006802721088434
CELL_000719,1,0.00017006802721088434
CELL_004270,1,0.00017006802721088434
CELL_001489,1,0.00017006802721088434
CELL_001289,1,0.00017006802721088434
CELL_001116,1,0.00017006802721088434
CELL_000583,1,0.00017006802721088434
CELL_003035,1,0.00017006802721088434
CELL_000044,1,0.00017006802721088434
CELL_003442,1,0.00017006802721088434
CELL_004483,1,0.00017006802721088434
CELL_000804,1,0.00017006802721088434
CELL_000858,1,0.00017006802721088434
CELL_001380,1,0.00017006802721088434
CELL_005834,1,0.00017006802721088434
CELL_002645,1,0.00017006802721088434
CELL_004589,1,0.00017006802721088434
CELL_001422,1,0.00017006802721088434
CELL_000220,1,0.00017006802721088434
CELL_002087,1,0.00017006802721088434
CELL_000732,1,0.00017006802721088434
CELL_005344,1,0.00017006802721088434
CELL_000292,1,0.00017006802721088434
CELL_000185,1,0.00017006802721088434
CELL_003656,1,0.00017006802721088434
CELL_003290,1,0.00017006802721088434
CELL_002933,1,0.00017006802721088434
CELL_000335,1,0.00017006802721088434
CELL_003529,1,0.00017006802721088434
CELL_000333,1,0.00017006802721088434
CELL_000834,1,0.00017006802721088434
CELL_002438,1,0.00017006802721088434
CELL_002088,1,0.00017006802721088434
CELL_002168,1,0.00017006802721088434
CELL_004575,1,0.00017006802721088434
CELL_002516,1,0.00017006802721088434
CELL_004732,1,0.00017006802721088434
CELL_003680,1,0.00017006802721088434
CELL_004480,1,0.00017006802721088434
CELL_000323,1,0.00017006802721088434
CELL_005265,1,0.00017006802721088434
CELL_002054,1,0.00017006802721088434
CELL_003025,1,0.00017006802721088434
CELL_001259,1,0.00017006802721088434
CELL_000096,1,0.00017006802721088434
CELL_002122,1,0.00017006802721088434
CELL_002155,1,0.00017006802721088434
CELL_000843,1,0.00017006802721088434
CELL_003205,1,0.00017006802721088434
CELL_002599,1,0.00017006802721088434
CELL_004880,1,0.00017006802721088434
CELL_003516,1,0.00017006802721088434
CELL_004190,1,0.00017006802721088434
CELL_002359,1,0.00017006802721088434
CELL_002165,1,0.00017006802721088434
CELL_002315,1,0.00017006802721088434
CELL_001838,1,0.00017006802721088434
CELL_005310,1,0.00017006802721088434
CELL_004861,1,0.00017006802721088434
CELL_005321,1,0.00017006802721088434
CELL_001223,1,0.00017006802721088434
CELL_003008,1,0.00017006802721088434
CELL_005419,1,0.00017006802721088434
CELL_002914,1,0.00017006802721088434
CELL_005716,1,0.00017006802721088434
CELL_001499,1,0.00017006802721088434
CELL_005594,1,0.00017006802721088434
CELL_003775,1,0.00017006802721088434
CELL_004648,1,0.00017006802721088434
CELL_002655,1,0.00017006802721088434
CELL_000899,1,0.00017006802721088434
CELL_000429,1,0.00017006802721088434
CELL_004007,1,0.00017006802721088434
CELL_001845,1,0.00017006802721088434
CELL_004819,1,0.00017006802721088434
CELL_000534,1,0.00017006802721088434
CELL_002723,1,0.00017006802721088434
CELL_001426,1,0.00017006802721088434
CELL_002754,1,0.00017006802721088434
CELL_004115,1,0.00017006802721088434
CELL_000658,1,0.00017006802721088434
CELL_001256,1,0.00017006802721088434
CELL_002406,1,0.00017006802721088434
CELL_001894,1,0.00017006802721088434
CELL_004408,1,0.00017006802721088434
CELL_005397,1,0.00017006802721088434
CELL_000239,1,0.00017006802721088434
CELL_000093,1,0.00017006802721088434
CELL_002119,1,0.00017006802721088434
CELL_002560,1,0.00017006802721088434
CELL_003613,1,0.00017006802721088434
CELL_001761,1,0.00017006802721088434
CELL_001306,1,0.00017006802721088434
CELL_002671,1,0.00017006802721088434
CELL_004376,1,0.00017006802721088434
CELL_002226,1,0.00017006802721088434
CELL_001545,1,0.00017006802721088434
CELL_004265,1,0.00017006802721088434
CELL_000832,1,0.00017006802721088434
CELL_001127,1,0.00017006802721088434
CELL_002100,1,0.00017006802721088434
CELL_001618,1,0.00017006802721088434
CELL_002793,1,0.00017006802721088434
CELL_004020,1,0.00017006802721088434
CELL_001757,1,0.00017006802721088434
CELL_001293,1,0.00017006802721088434
CELL_000071,1,0.00017006802721088434
CELL_002550,1,0.00017006802721088434
CELL_005432,1,0.00017006802721088434
CELL_004708,1,0.00017006802721088434
CELL_004479,1,0.00017006802721088434
CELL_005848,1,0.00017006802721088434
CELL_005577,1,0.00017006802721088434
CELL_004306,1,0.00017006802721088434
CELL_001696,1,0.00017006802721088434
CELL_000932,1,0.00017006802721088434
CELL_005362,1,0.00017006802721088434
CELL_003198,1,0.00017006802721088434
CELL_000634,1,0.00017006802721088434
CELL_001781,1,0.00017006802721088434
CELL_000499,1,0.00017006802721088434
CELL_005065,1,0.00017006802721088434
CELL_000416,1,0.00017006802721088434
CELL_005645,1,0.00017006802721088434
CELL_004211,1,0.00017006802721088434
CELL_002348,1,0.00017006802721088434
CELL_004580,1,0.00017006802721088434
CELL_003027,1,0.00017006802721088434
CELL_001035,1,0.00017006802721088434
CELL_002536,1,0.00017006802721088434
CELL_001865,1,0.00017006802721088434
CELL_000958,1,0.00017006802721088434
CELL_003652,1,0.00017006802721088434
CELL_004101,1,0.00017006802721088434
CELL_001506,1,0.00017006802721088434
CELL_001841,1,0.00017006802721088434
CELL_000412,1,0.00017006802721088434
CELL_001974,1,0.00017006802721088434
CELL_002880,1,0.00017006802721088434
CELL_005336,1,0.00017006802721088434
CELL_003136,1,0.00017006802721088434
CELL_003306,1,0.00017006802721088434
CELL_001002,1,0.00017006802721088434
CELL_004394,1,0.00017006802721088434
CELL_004609,1,0.00017006802721088434
CELL_005180,1,0.00017006802721088434
CELL_004672,1,0.00017006802721088434
CELL_001922,1,0.00017006802721088434
CELL_002782,1,0.00017006802721088434
CELL_001685,1,0.00017006802721088434
CELL_005667,1,0.00017006802721088434
CELL_000076,1,0.00017006802721088434
CELL_004553,1,0.00017006802721088434
CELL_003457,1,0.00017006802721088434
CELL_002816,1,0.00017006802721088434
CELL_004610,1,0.00017006802721088434
CELL_004856,1,0.00017006802721088434
CELL_003897,1,0.00017006802721088434
CELL_000653,1,0.00017006802721088434
CELL_004535,1,0.00017006802721088434
CELL_004717,1,0.00017006802721088434
CELL_005597,1,0.00017006802721088434
CELL_003514,1,0.00017006802721088434
CELL_005601,1,0.00017006802721088434
CELL_002843,1,0.00017006802721088434
CELL_003286,1,0.00017006802721088434
CELL_003734,1,0.00017006802721088434
CELL_000597,1,0.00017006802721088434
CELL_002118,1,0.00017006802721088434
CELL_001880,1,0.00017006802721088434
CELL_001069,1,0.00017006802721088434
CELL_003493,1,0.00017006802721088434
CELL_003149,1,0.00017006802721088434
CELL_002777,1,0.00017006802721088434
CELL_001719,1,0.00017006802721088434
CELL_005738,1,0.00017006802721088434
CELL_000758,1,0.00017006802721088434
CELL_001500,1,0.00017006802721088434
CELL_001042,1,0.00017006802721088434
CELL_001935,1,0.00017006802721088434
CELL_000052,1,0.00017006802721088434
CELL_004950,1,0.00017006802721088434
CELL_001621,1,0.00017006802721088434
CELL_003978,1,0.00017006802721088434
CELL_000746,1,0.00017006802721088434
CELL_004225,1,0.00017006802721088434
CELL_003425,1,0.00017006802721088434
CELL_004802,1,0.00017006802721088434
CELL_003906,1,0.00017006802721088434
CELL_001201,1,0.00017006802721088434
CELL_000622,1,0.00017006802721088434
CELL_001413,1,0.00017006802721088434
CELL_000567,1,0.00017006802721088434
CELL_000544,1,0.00017006802721088434
CELL_001335,1,0.00017006802721088434
CELL_001030,1,0.00017006802721088434
CELL_002108,1,0.00017006802721088434
CELL_000829,1,0.00017006802721088434
CELL_004691,1,0.00017006802721088434
CELL_002371,1,0.00017006802721088434
CELL_000097,1,0.00017006802721088434
CELL_002967,1,0.00017006802721088434
CELL_004508,1,0.00017006802721088434
CELL_004957,1,0.00017006802721088434
CELL_005871,1,0.00017006802721088434
CELL_002519,1,0.00017006802721088434
CELL_002790,1,0.00017006802721088434
CELL_005511,1,0.00017006802721088434
CELL_002389,1,0.00017006802721088434
CELL_001887,1,0.00017006802721088434
CELL_001011,1,0.00017006802721088434
CELL_004004,1,0.00017006802721088434
CELL_004727,1,0.00017006802721088434
CELL_002943,1,0.00017006802721088434
CELL_001231,1,0.00017006802721088434
CELL_002651,1,0.00017006802721088434
CELL_003334,1,0.00017006802721088434
CELL_002927,1,0.00017006802721088434
CELL_003106,1,0.00017006802721088434
CELL_003081,1,0.00017006802721088434
CELL_004405,1,0.00017006802721088434
CELL_003276,1,0.00017006802721088434
CELL_001989,1,0.00017006802721088434
CELL_003910,1,0.00017006802721088434
CELL_000121,1,0.00017006802721088434
CELL_002803,1,0.00017006802721088434
CELL_003920,1,0.00017006802721088434
CELL_000621,1,0.00017006802721088434
CELL_001619,1,0.00017006802721088434
CELL_005436,1,0.00017006802721088434
CELL_003482,1,0.00017006802721088434
CELL_003974,1,0.00017006802721088434
CELL_004922,1,0.00017006802721088434
CELL_004812,1,0.00017006802721088434
CELL_000645,1,0.00017006802721088434
CELL_001468,1,0.00017006802721088434
CELL_003873,1,0.00017006802721088434
CELL_000196,1,0.00017006802721088434
CELL_001555,1,0.00017006802721088434
CELL_005863,1,0.00017006802721088434
CELL_004657,1,0.00017006802721088434
CELL_000803,1,0.00017006802721088434
CELL_004093,1,0.00017006802721088434
CELL_002260,1,0.00017006802721088434
CELL_000549,1,0.00017006802721088434
CELL_000865,1,0.00017006802721088434
CELL_004450,1,0.00017006802721088434
CELL_001393,1,0.00017006802721088434
CELL_004411,1,0.00017006802721088434
CELL_005723,1,0.00017006802721088434
CELL_001908,1,0.00017006802721088434
CELL_001212,1,0.00017006802721088434
CELL_000123,1,0.00017006802721088434
CELL_003359,1,0.00017006802721088434
CELL_003918,1,0.00017006802721088434
CELL_003342,1,0.00017006802721088434
CELL_003048,1,0.00017006802721088434
CELL_001211,1,0.00017006802721088434
CELL_000568,1,0.00017006802721088434
CELL_000063,1,0.00017006802721088434
CELL_001554,1,0.00017006802721088434
CELL_005703,1,0.00017006802721088434
CELL_005114,1,0.00017006802721088434
CELL_003933,1,0.00017006802721088434
CELL_004701,1,0.00017006802721088434
CELL_002003,1,0.00017006802721088434
CELL_003540,1,0.00017006802721088434
CELL_000135,1,0.00017006802721088434
CELL_005353,1,0.00017006802721088434
CELL_003780,1,0.00017006802721088434
CELL_003009,1,0.00017006802721088434
CELL_004881,1,0.00017006802721088434
CELL_001972,1,0.00017006802721088434
CELL_005430,1,0.00017006802721088434
CELL_000512,1,0.00017006802721088434
CELL_005623,1,0.00017006802721088434
CELL_002891,1,0.00017006802721088434
CELL_001882,1,0.00017006802721088434
CELL_000946,1,0.00017006802721088434
CELL_004626,1,0.00017006802721088434
CELL_005668,1,0.00017006802721088434
CELL_000296,1,0.00017006802721088434
CELL_003396,1,0.00017006802721088434
CELL_005056,1,0.00017006802721088434
CELL_005750,1,0.00017006802721088434
CELL_001362,1,0.00017006802721088434
CELL_001527,1,0.00017006802721088434
CELL_002277,1,0.00017006802721088434
CELL_001771,1,0.00017006802721088434
CELL_004016,1,0.00017006802721088434
CELL_002324,1,0.00017006802721088434
CELL_005479,1,0.00017006802721088434
CELL_001745,1,0.00017006802721088434
CELL_001963,1,0.00017006802721088434
CELL_004540,1,0.00017006802721088434
CELL_000319,1,0.00017006802721088434
CELL_001707,1,0.00017006802721088434
CELL_002859,1,0.00017006802721088434
CELL_000275,1,0.00017006802721088434
CELL_003942,1,0.00017006802721088434
CELL_000721,1,0.00017006802721088434
CELL_003687,1,0.00017006802721088434
CELL_004557,1,0.00017006802721088434
CELL_000691,1,0.00017006802721088434
CELL_000603,1,0.00017006802721088434
CELL_001821,1,0.00017006802721088434
CELL_002549,1,0.00017006802721088434
CELL_005374,1,0.00017006802721088434
CELL_000379,1,0.00017006802721088434
CELL_005825,1,0.00017006802721088434
CELL_002196,1,0.00017006802721088434
CELL_001295,1,0.00017006802721088434
CELL_003110,1,0.00017006802721088434
CELL_001433,1,0.00017006802721088434
CELL_002597,1,0.00017006802721088434
CELL_004919,1,0.00017006802721088434
CELL_000170,1,0.00017006802721088434
CELL_005729,1,0.00017006802721088434
CELL_000377,1,0.00017006802721088434
CELL_001872,1,0.00017006802721088434
CELL_000860,1,0.00017006802721088434
CELL_003066,1,0.00017006802721088434
CELL_003871,1,0.00017006802721088434
CELL_003502,1,0.00017006802721088434
CELL_002571,1,0.00017006802721088434
CELL_002610,1,0.00017006802721088434
CELL_000151,1,0.00017006802721088434
CELL_000757,1,0.00017006802721088434
CELL_001874,1,0.00017006802721088434
CELL_003989,1,0.00017006802721088434
CELL_005357,1,0.00017006802721088434
CELL_005706,1,0.00017006802721088434
CELL_000299,1,0.00017006802721088434
CELL_000069,1,0.00017006802721088434
CELL_004305,1,0.00017006802721088434
CELL_000737,1,0.00017006802721088434
CELL_002139,1,0.00017006802721088434
CELL_002276,1,0.00017006802721088434
CELL_003709,1,0.00017006802721088434
CELL_003472,1,0.00017006802721088434
CELL_001473,1,0.00017006802721088434
CELL_000284,1,0.00017006802721088434
CELL_003394,1,0.00017006802721088434
CELL_005386,1,0.00017006802721088434
CELL_004665,1,0.00017006802721088434
CELL_003941,1,0.00017006802721088434
CELL_002585,1,0.00017006802721088434
CELL_003939,1,0.00017006802721088434
CELL_005400,1,0.00017006802721088434
CELL_002035,1,0.00017006802721088434
CELL_004996,1,0.00017006802721088434
CELL_004564,1,0.00017006802721088434
CELL_001031,1,0.00017006802721088434
CELL_003183,1,0.00017006802721088434
CELL_000301,1,0.00017006802721088434
CELL_001190,1,0.00017006802721088434
CELL_000176,1,0.00017006802721088434
CELL_005426,1,0.00017006802721088434
CELL_000928,1,0.00017006802721088434
CELL_003128,1,0.00017006802721088434
CELL_000046,1,0.00017006802721088434
CELL_001261,1,0.00017006802721088434
CELL_001097,1,0.00017006802721088434
CELL_004106,1,0.00017006802721088434
CELL_002828,1,0.00017006802721088434
CELL_001871,1,0.00017006802721088434
CELL_003103,1,0.00017006802721088434
CELL_004491,1,0.00017006802721088434
CELL_003405,1,0.00017006802721088434
CELL_000842,1,0.00017006802721088434
CELL_003976,1,0.00017006802721088434
CELL_004873,1,0.00017006802721088434
CELL_002289,1,0.00017006802721088434
CELL_001158,1,0.00017006802721088434
CELL_004282,1,0.00017006802721088434
CELL_005287,1,0.00017006802721088434
CELL_004811,1,0.00017006802721088434
CELL_001438,1,0.00017006802721088434
CELL_000367,1,0.00017006802721088434
CELL_005604,1,0.00017006802721088434
CELL_000100,1,0.00017006802721088434
CELL_003144,1,0.00017006802721088434
CELL_000745,1,0.00017006802721088434
CELL_002132,1,0.00017006802721088434
CELL_005442,1,0.00017006802721088434
CELL_001376,1,0.00017006802721088434
CELL_003716,1,0.00017006802721088434
CELL_005176,1,0.00017006802721088434
CELL_003024,1,0.00017006802721088434
CELL_002593,1,0.00017006802721088434
CELL_002388,1,0.00017006802721088434
CELL_001875,1,0.00017006802721088434
CELL_005355,1,0.00017006802721088434
CELL_000258,1,0.00017006802721088434
CELL_000508,1,0.00017006802721088434
CELL_002535,1,0.00017006802721088434
CELL_001984,1,0.00017006802721088434
CELL_004728,1,0.00017006802721088434
CELL_002304,1,0.00017006802721088434
CELL_002819,1,0.00017006802721088434
CELL_001861,1,0.00017006802721088434
CELL_002856,1,0.00017006802721088434
CELL_002506,1,0.00017006802721088434
CELL_002227,1,0.00017006802721088434
CELL_001019,1,0.00017006802721088434
CELL_001607,1,0.00017006802721088434
CELL_002410,1,0.00017006802721088434
CELL_004608,1,0.00017006802721088434
CELL_005813,1,0.00017006802721088434
CELL_001492,1,0.00017006802721088434
CELL_003672,1,0.00017006802721088434
CELL_004303,1,0.00017006802721088434
CELL_000586,1,0.00017006802721088434
CELL_002810,1,0.00017006802721088434
CELL_001833,1,0.00017006802721088434
CELL_003760,1,0.00017006802721088434
CELL_004321,1,0.00017006802721088434
CELL_003521,1,0.00017006802721088434
CELL_000778,1,0.00017006802721088434
CELL_000230,1,0.00017006802721088434
CELL_004102,1,0.00017006802721088434
CELL_000669,1,0.00017006802721088434
CELL_000219,1,0.00017006802721088434
CELL_005526,1,0.00017006802721088434
CELL_003868,1,0.00017006802721088434
CELL_002081,1,0.00017006802721088434
CELL_002418,1,0.00017006802721088434
CELL_004936,1,0.00017006802721088434
CELL_002827,1,0.00017006802721088434
CELL_000403,1,0.00017006802721088434
CELL_004554,1,0.00017006802721088434
CELL_003451,1,0.00017006802721088434
CELL_000950,1,0.00017006802721088434
CELL_002672,1,0.00017006802721088434
CELL_000020,1,0.00017006802721088434
CELL_001427,1,0.00017006802721088434
CELL_001780,1,0.00017006802721088434
CELL_003551,1,0.00017006802721088434
CELL_000215,1,0.00017006802721088434
CELL_001615,1,0.00017006802721088434
CELL_005110,1,0.00017006802721088434
CELL_001718,1,0.00017006802721088434
CELL_004060,1,0.00017006802721088434
CELL_004288,1,0.00017006802721088434
CELL_004854,1,0.00017006802721088434
CELL_004156,1,0.00017006802721088434
CELL_001053,1,0.00017006802721088434
CELL_002688,1,0.00017006802721088434
CELL_000760,1,0.00017006802721088434
CELL_004577,1,0.00017006802721088434
CELL_003623,1,0.00017006802721088434
CELL_003492,1,0.00017006802721088434
CELL_004044,1,0.00017006802721088434
CELL_003946,1,0.00017006802721088434
CELL_003543,1,0.00017006802721088434
CELL_000218,1,0.00017006802721088434
CELL_002987,1,0.00017006802721088434
CELL_005634,1,0.00017006802721088434
CELL_000361,1,0.00017006802721088434
CELL_005370,1,0.00017006802721088434
CELL_004451,1,0.00017006802721088434
CELL_004113,1,0.00017006802721088434
CELL_004400,1,0.00017006802721088434
CELL_002765,1,0.00017006802721088434
CELL_001594,1,0.00017006802721088434
CELL_000518,1,0.00017006802721088434
CELL_000322,1,0.00017006802721088434
CELL_004954,1,0.00017006802721088434
CELL_003887,1,0.00017006802721088434
CELL_005014,1,0.00017006802721088434
CELL_001150,1,0.00017006802721088434
CELL_002334,1,0.00017006802721088434
CELL_002403,1,0.00017006802721088434
CELL_003090,1,0.00017006802721088434
CELL_000464,1,0.00017006802721088434
CELL_004076,1,0.00017006802721088434
CELL_003380,1,0.00017006802721088434
CELL_000569,1,0.00017006802721088434
CELL_000517,1,0.00017006802721088434
CELL_003484,1,0.00017006802721088434
CELL_005779,1,0.00017006802721088434
CELL_002577,1,0.00017006802721088434
CELL_000140,1,0.00017006802721088434
CELL_002405,1,0.00017006802721088434
CELL_001513,1,0.00017006802721088434
CELL_003880,1,0.00017006802721088434
CELL_004605,1,0.00017006802721088434
CELL_001057,1,0.00017006802721088434
CELL_004025,1,0.00017006802721088434
CELL_000888,1,0.00017006802721088434
CELL_002237,1,0.00017006802721088434
CELL_002961,1,0.00017006802721088434
CELL_002882,1,0.00017006802721088434
CELL_001836,1,0.00017006802721088434
CELL_001703,1,0.00017006802721088434
CELL_005639,1,0.00017006802721088434
CELL_004012,1,0.00017006802721088434
CELL_000197,1,0.00017006802721088434
CELL_001942,1,0.00017006802721088434
CELL_001579,1,0.00017006802721088434
CELL_003977,1,0.00017006802721088434
CELL_001616,1,0.00017006802721088434
CELL_005115,1,0.00017006802721088434
CELL_003327,1,0.00017006802721088434
CELL_005859,1,0.00017006802721088434
CELL_001264,1,0.00017006802721088434
CELL_005715,1,0.00017006802721088434
CELL_003803,1,0.00017006802721088434
CELL_001175,1,0.00017006802721088434
CELL_005104,1,0.00017006802721088434
CELL_000452,1,0.00017006802721088434
CELL_004941,1,0.00017006802721088434
CELL_002869,1,0.00017006802721088434
CELL_004601,1,0.00017006802721088434
CELL_004752,1,0.00017006802721088434
CELL_002587,1,0.00017006802721088434
CELL_004123,1,0.00017006802721088434
CELL_000519,1,0.00017006802721088434
CELL_003892,1,0.00017006802721088434
CELL_001906,1,0.00017006802721088434
CELL_002125,1,0.00017006802721088434
CELL_001962,1,0.00017006802721088434
CELL_002544,1,0.00017006802721088434
CELL_003177,1,0.00017006802721088434
CELL_002973,1,0.00017006802721088434
CELL_004890,1,0.00017006802721088434
CELL_000595,1,0.00017006802721088434
CELL_004111,1,0.00017006802721088434
CELL_001808,1,0.00017006802721088434
CELL_005596,1,0.00017006802721088434
CELL_000451,1,0.00017006802721088434
CELL_004040,1,0.00017006802721088434
CELL_000369,1,0.00017006802721088434
CELL_002338,1,0.00017006802721088434
CELL_001152,1,0.00017006802721088434
CELL_004914,1,0.00017006802721088434
CELL_003367,1,0.00017006802721088434
CELL_002716,1,0.00017006802721088434
CELL_005205,1,0.00017006802721088434
CELL_005146,1,0.00017006802721088434
CELL_001294,1,0.00017006802721088434
CELL_005183,1,0.00017006802721088434
CELL_004424,1,0.00017006802721088434
CELL_004920,1,0.00017006802721088434
CELL_003382,1,0.00017006802721088434
CELL_005493,1,0.00017006802721088434
CELL_003794,1,0.00017006802721088434
CELL_004905,1,0.00017006802721088434
CELL_002318,1,0.00017006802721088434
CELL_004961,1,0.00017006802721088434
CELL_005198,1,0.00017006802721088434
CELL_001339,1,0.00017006802721088434
CELL_002755,1,0.00017006802721088434
CELL_004823,1,0.00017006802721088434
CELL_003808,1,0.00017006802721088434
CELL_001000,1,0.00017006802721088434
CELL_004962,1,0.00017006802721088434
CELL_001360,1,0.00017006802721088434
CELL_005006,1,0.00017006802721088434
CELL_001477,1,0.00017006802721088434
CELL_000193,1,0.00017006802721088434
CELL_004602,1,0.00017006802721088434
CELL_005293,1,0.00017006802721088434
CELL_001617,1,0.00017006802721088434
CELL_000313,1,0.00017006802721088434
CELL_001662,1,0.00017006802721088434
CELL_000509,1,0.00017006802721088434
CELL_000167,1,0.00017006802721088434
CELL_004955,1,0.00017006802721088434
CELL_005091,1,0.00017006802721088434
CELL_002171,1,0.00017006802721088434
CELL_004972,1,0.00017006802721088434
CELL_003194,1,0.00017006802721088434
CELL_001165,1,0.00017006802721088434
CELL_003836,1,0.00017006802721088434
CELL_000477,1,0.00017006802721088434
CELL_004541,1,0.00017006802721088434
CELL_004382,1,0.00017006802721088434
CELL_004202,1,0.00017006802721088434
CELL_003222,1,0.00017006802721088434
CELL_005203,1,0.00017006802721088434
CELL_001599,1,0.00017006802721088434
CELL_001361,1,0.00017006802721088434
CELL_003411,1,0.00017006802721088434
CELL_002120,1,0.00017006802721088434
CELL_005743,1,0.00017006802721088434
CELL_005724,1,0.00017006802721088434
CELL_005504,1,0.00017006802721088434
CELL_004506,1,0.00017006802721088434
CELL_001873,1,0.00017006802721088434
CELL_005783,1,0.00017006802721088434
CELL_000192,1,0.00017006802721088434
CELL_002349,1,0.00017006802721088434
CELL_000109,1,0.00017006802721088434
CELL_000175,1,0.00017006802721088434
CELL_003444,1,0.00017006802721088434
CELL_001584,1,0.00017006802721088434
CELL_001860,1,0.00017006802721088434
CELL_005513,1,0.00017006802721088434
CELL_003865,1,0.00017006802721088434
CELL_000726,1,0.00017006802721088434
CELL_002145,1,0.00017006802721088434
CELL_001504,1,0.00017006802721088434
CELL_002603,1,0.00017006802721088434
CELL_002411,1,0.00017006802721088434
CELL_003902,1,0.00017006802721088434
CELL_004215,1,0.00017006802721088434
CELL_004026,1,0.00017006802721088434
CELL_001659,1,0.00017006802721088434
CELL_000153,1,0.00017006802721088434
CELL_002485,1,0.00017006802721088434
CELL_002322,1,0.00017006802721088434
CELL_003071,1,0.00017006802721088434
CELL_004903,1,0.00017006802721088434
CELL_002747,1,0.00017006802721088434
CELL_004661,1,0.00017006802721088434
CELL_002618,1,0.00017006802721088434
CELL_001753,1,0.00017006802721088434
CELL_005805,1,0.00017006802721088434
CELL_001025,1,0.00017006802721088434
CELL_001222,1,0.00017006802721088434
CELL_003806,1,0.00017006802721088434
CELL_003536,1,0.00017006802721088434
CELL_001120,1,0.00017006802721088434
CELL_004607,1,0.00017006802721088434
CELL_000104,1,0.00017006802721088434
CELL_005290,1,0.00017006802721088434
CELL_005643,1,0.00017006802721088434
CELL_000496,1,0.00017006802721088434
CELL_001406,1,0.00017006802721088434
CELL_004114,1,0.00017006802721088434
CELL_000206,1,0.00017006802721088434
CELL_005832,1,0.00017006802721088434
CELL_001435,1,0.00017006802721088434
CELL_001136,1,0.00017006802721088434
CELL_003340,1,0.00017006802721088434
CELL_002340,1,0.00017006802721088434
CELL_000504,1,0.00017006802721088434
CELL_005552,1,0.00017006802721088434
CELL_002886,1,0.00017006802721088434
CELL_003986,1,0.00017006802721088434
CELL_003804,1,0.00017006802721088434
CELL_004818,1,0.00017006802721088434
CELL_001226,1,0.00017006802721088434
CELL_000938,1,0.00017006802721088434
CELL_001823,1,0.00017006802721088434
CELL_003310,1,0.00017006802721088434
CELL_004538,1,0.00017006802721088434
CELL_000753,1,0.00017006802721088434
CELL_002064,1,0.00017006802721088434
CELL_000310,1,0.00017006802721088434
CELL_003414,1,0.00017006802721088434
CELL_003321,1,0.00017006802721088434
CELL_003896,1,0.00017006802721088434
CELL_002379,1,0.00017006802721088434
CELL_005664,1,0.00017006802721088434
CELL_003350,1,0.00017006802721088434
CELL_002543,1,0.00017006802721088434
CELL_000032,1,0.00017006802721088434
CELL_003574,1,0.00017006802721088434
CELL_004585,1,0.00017006802721088434
CELL_000680,1,0.00017006802721088434
CELL_004514,1,0.00017006802721088434
CELL_005134,1,0.00017006802721088434
CELL_002601,1,0.00017006802721088434
CELL_003981,1,0.00017006802721088434
CELL_000566,1,0.00017006802721088434
CELL_003691,1,0.00017006802721088434
CELL_002440,1,0.00017006802721088434
CELL_003077,1,0.00017006802721088434
CELL_001539,1,0.00017006802721088434
CELL_000212,1,0.00017006802721088434
CELL_001341,1,0.00017006802721088434
CELL_001109,1,0.00017006802721088434
CELL_001958,1,0.00017006802721088434
CELL_001193,1,0.00017006802721088434
CELL_004636,1,0.00017006802721088434
CELL_002639,1,0.00017006802721088434
CELL_001535,1,0.00017006802721088434
CELL_001062,1,0.00017006802721088434
CELL_000844,1,0.00017006802721088434
CELL_004085,1,0.00017006802721088434
CELL_002858,1,0.00017006802721088434
CELL_003629,1,0.00017006802721088434
CELL_000869,1,0.00017006802721088434
CELL_000702,1,0.00017006802721088434
CELL_002830,1,0.00017006802721088434
CELL_000306,1,0.00017006802721088434
CELL_001850,1,0.00017006802721088434
CELL_002647,1,0.00017006802721088434
CELL_005172,1,0.00017006802721088434
CELL_004413,1,0.00017006802721088434
CELL_000994,1,0.00017006802721088434
CELL_001188,1,0.00017006802721088434
CELL_000189,1,0.00017006802721088434
CELL_005782,1,0.00017006802721088434
CELL_003754,1,0.00017006802721088434
CELL_005713,1,0.00017006802721088434
CELL_002487,1,0.00017006802721088434
CELL_000433,1,0.00017006802721088434
CELL_005034,1,0.00017006802721088434
CELL_000290,1,0.00017006802721088434
CELL_001859,1,0.00017006802721088434
CELL_001028,1,0.00017006802721088434
CELL_002026,1,0.00017006802721088434
CELL_000536,1,0.00017006802721088434
CELL_001560,1,0.00017006802721088434
CELL_002143,1,0.00017006802721088434
CELL_003160,1,0.00017006802721088434
CELL_005011,1,0.00017006802721088434
CELL_000279,1,0.00017006802721088434
CELL_000628,1,0.00017006802721088434
CELL_004998,1,0.00017006802721088434
CELL_001205,1,0.00017006802721088434
CELL_003654,1,0.00017006802721088434
CELL_005829,1,0.00017006802721088434
CELL_004163,1,0.00017006802721088434
CELL_001533,1,0.00017006802721088434
CELL_005167,1,0.00017006802721088434
CELL_000681,1,0.00017006802721088434
CELL_005692,1,0.00017006802721088434
CELL_000181,1,0.00017006802721088434
CELL_004095,1,0.00017006802721088434
CELL_004616,1,0.00017006802721088434
CELL_000651,1,0.00017006802721088434
CELL_000709,1,0.00017006802721088434
CELL_003627,1,0.00017006802721088434
CELL_002319,1,0.00017006802721088434
CELL_002252,1,0.00017006802721088434
CELL_001425,1,0.00017006802721088434
CELL_001217,1,0.00017006802721088434
CELL_003833,1,0.00017006802721088434
CELL_000462,1,0.00017006802721088434
CELL_005169,1,0.00017006802721088434
CELL_000552,1,0.00017006802721088434
CELL_004944,1,0.00017006802721088434
CELL_003519,1,0.00017006802721088434
CELL_002656,1,0.00017006802721088434
CELL_002766,1,0.00017006802721088434
CELL_004801,1,0.00017006802721088434
CELL_002154,1,0.00017006802721088434
CELL_004569,1,0.00017006802721088434
CELL_000112,1,0.00017006802721088434
CELL_001392,1,0.00017006802721088434
CELL_000221,1,0.00017006802721088434
CELL_005769,1,0.00017006802721088434
CELL_000084,1,0.00017006802721088434
CELL_004141,1,0.00017006802721088434
CELL_000707,1,0.00017006802721088434
CELL_004714,1,0.00017006802721088434
CELL_000421,1,0.00017006802721088434
CELL_002019,1,0.00017006802721088434
CELL_000271,1,0.00017006802721088434
CELL_002073,1,0.00017006802721088434
CELL_004741,1,0.00017006802721088434
CELL_002580,1,0.00017006802721088434
CELL_003894,1,0.00017006802721088434
CELL_002253,1,0.00017006802721088434
CELL_003949,1,0.00017006802721088434
CELL_000349,1,0.00017006802721088434
CELL_001627,1,0.00017006802721088434
CELL_003095,1,0.00017006802721088434
CELL_000872,1,0.00017006802721088434
CELL_004307,1,0.00017006802721088434
CELL_003675,1,0.00017006802721088434
CELL_004694,1,0.00017006802721088434
CELL_002182,1,0.00017006802721088434
CELL_000327,1,0.00017006802721088434
CELL_004917,1,0.00017006802721088434
CELL_005568,1,0.00017006802721088434
CELL_005084,1,0.00017006802721088434
CELL_002822,1,0.00017006802721088434
CELL_004866,1,0.00017006802721088434
CELL_003533,1,0.00017006802721088434
CELL_004327,1,0.00017006802721088434
CELL_005522,1,0.00017006802721088434
CELL_005880,1,0.00017006802721088434
CELL_004594,1,0.00017006802721088434
CELL_000685,1,0.00017006802721088434
CELL_004487,1,0.00017006802721088434
CELL_001925,1,0.00017006802721088434
CELL_004891,1,0.00017006802721088434
CELL_002578,1,0.00017006802721088434
CELL_000315,1,0.00017006802721088434
CELL_004789,1,0.00017006802721088434
CELL_001428,1,0.00017006802721088434
CELL_003979,1,0.00017006802721088434
CELL_003099,1,0.00017006802721088434
CELL_005663,1,0.00017006802721088434
CELL_000870,1,0.00017006802721088434
CELL_002007,1,0.00017006802721088434
CELL_004033,1,0.00017006802721088434
CELL_000357,1,0.00017006802721088434
CELL_001163,1,0.00017006802721088434
CELL_004465,1,0.00017006802721088434
CELL_005123,1,0.00017006802721088434
CELL_000619,1,0.00017006802721088434
CELL_005033,1,0.00017006802721088434
CELL_002518,1,0.00017006802721088434
CELL_003729,1,0.00017006802721088434
CELL_002146,1,0.00017006802721088434
CELL_004292,1,0.00017006802721088434
CELL_001414,1,0.00017006802721088434
CELL_004096,1,0.00017006802721088434
CELL_000495,1,0.00017006802721088434
CELL_002851,1,0.00017006802721088434
CELL_003291,1,0.00017006802721088434
CELL_004120,1,0.00017006802721088434
CELL_001271,1,0.00017006802721088434
CELL_002551,1,0.00017006802721088434
CELL_004329,1,0.00017006802721088434
CELL_002847,1,0.00017006802721088434
CELL_003253,1,0.00017006802721088434
CELL_004875,1,0.00017006802721088434
CELL_005241,1,0.00017006802721088434
CELL_000086,1,0.00017006802721088434
CELL_001878,1,0.00017006802721088434
CELL_004645,1,0.00017006802721088434
CELL_004675,1,0.00017006802721088434
CELL_002053,1,0.00017006802721088434
CELL_001777,1,0.00017006802721088434
CELL_005441,1,0.00017006802721088434
CELL_004216,1,0.00017006802721088434
CELL_001593,1,0.00017006802721088434
CELL_001724,1,0.00017006802721088434
CELL_004603,1,0.00017006802721088434
CELL_005784,1,0.00017006802721088434
CELL_003721,1,0.00017006802721088434
CELL_005196,1,0.00017006802721088434
CELL_005211,1,0.00017006802721088434
CELL_005785,1,0.00017006802721088434
CELL_003581,1,0.00017006802721088434
CELL_005611,1,0.00017006802721088434
CELL_003917,1,0.00017006802721088434
CELL_005641,1,0.00017006802721088434
CELL_004051,1,0.00017006802721088434
CELL_004138,1,0.00017006802721088434
CELL_004555,1,0.00017006802721088434
CELL_001117,1,0.00017006802721088434
CELL_001542,1,0.00017006802721088434
CELL_004158,1,0.00017006802721088434
CELL_004526,1,0.00017006802721088434
CELL_005408,1,0.00017006802721088434
CELL_002317,1,0.00017006802721088434
CELL_005796,1,0.00017006802721088434
CELL_001891,1,0.00017006802721088434
CELL_000580,1,0.00017006802721088434
CELL_003965,1,0.00017006802721088434
CELL_001692,1,0.00017006802721088434
CELL_000863,1,0.00017006802721088434
CELL_004005,1,0.00017006802721088434
CELL_004056,1,0.00017006802721088434
CELL_000195,1,0.00017006802721088434
CELL_000616,1,0.00017006802721088434
CELL_000644,1,0.00017006802721088434
CELL_004223,1,0.00017006802721088434
CELL_002347,1,0.00017006802721088434
CELL_005595,1,0.00017006802721088434
CELL_000331,1,0.00017006802721088434
CELL_002848,1,0.00017006802721088434
CELL_003131,1,0.00017006802721088434
CELL_003150,1,0.00017006802721088434
CELL_004369,1,0.00017006802721088434
CELL_004704,1,0.00017006802721088434
CELL_003967,1,0.00017006802721088434
CELL_001103,1,0.00017006802721088434
CELL_002910,1,0.00017006802721088434
CELL_005661,1,0.00017006802721088434
CELL_001553,1,0.00017006802721088434
CELL_005026,1,0.00017006802721088434
CELL_004395,1,0.00017006802721088434
CELL_000434,1,0.00017006802721088434
CELL_002813,1,0.00017006802721088434
CELL_003662,1,0.00017006802721088434
CELL_003859,1,0.00017006802721088434
CELL_000491,1,0.00017006802721088434
CELL_004946,1,0.00017006802721088434
CELL_001007,1,0.00017006802721088434
CELL_004009,1,0.00017006802721088434
CELL_003576,1,0.00017006802721088434
CELL_001418,1,0.00017006802721088434
CELL_000026,1,0.00017006802721088434
CELL_001114,1,0.00017006802721088434
CELL_004406,1,0.00017006802721088434
CELL_002365,1,0.00017006802721088434
CELL_003165,1,0.00017006802721088434
CELL_000675,1,0.00017006802721088434
CELL_003164,1,0.00017006802721088434
CELL_004338,1,0.00017006802721088434
CELL_001816,1,0.00017006802721088434
CELL_002457,1,0.00017006802721088434
CELL_003169,1,0.00017006802721088434
CELL_002481,1,0.00017006802721088434
CELL_003408,1,0.00017006802721088434
CELL_001402,1,0.00017006802721088434
CELL_005154,1,0.00017006802721088434
CELL_000171,1,0.00017006802721088434
CELL_000541,1,0.00017006802721088434
CELL_005215,1,0.00017006802721088434
CELL_000033,1,0.00017006802721088434
CELL_003993,1,0.00017006802721088434
CELL_004630,1,0.00017006802721088434
CELL_003743,1,0.00017006802721088434
CELL_001445,1,0.00017006802721088434
CELL_004193,1,0.00017006802721088434
CELL_005874,1,0.00017006802721088434
CELL_001706,1,0.00017006802721088434
CELL_003591,1,0.00017006802721088434
CELL_002989,1,0.00017006802721088434
CELL_005868,1,0.00017006802721088434
CELL_000484,1,0.00017006802721088434
CELL_003980,1,0.00017006802721088434
CELL_002553,1,0.00017006802721088434
CELL_002060,1,0.00017006802721088434
CELL_003755,1,0.00017006802721088434
CELL_003916,1,0.00017006802721088434
CELL_001483,1,0.00017006802721088434
CELL_000329,1,0.00017006802721088434
CELL_000649,1,0.00017006802721088434
CELL_003296,1,0.00017006802721088434
CELL_001124,1,0.00017006802721088434
CELL_003972,1,0.00017006802721088434
CELL_004128,1,0.00017006802721088434
CELL_005677,1,0.00017006802721088434
CELL_001752,1,0.00017006802721088434
CELL_002370,1,0.00017006802721088434
CELL_001773,1,0.00017006802721088434
CELL_001197,1,0.00017006802721088434
CELL_001879,1,0.00017006802721088434
CELL_002017,1,0.00017006802721088434
CELL_002006,1,0.00017006802721088434
CELL_000356,1,0.00017006802721088434
CELL_002400,1,0.00017006802721088434
CELL_005439,1,0.00017006802721088434
CELL_003257,1,0.00017006802721088434
CELL_005207,1,0.00017006802721088434
CELL_004188,1,0.00017006802721088434
CELL_001052,1,0.00017006802721088434
CELL_003415,1,0.00017006802721088434
CELL_002101,1,0.00017006802721088434
CELL_003001,1,0.00017006802721088434
CELL_004956,1,0.00017006802721088434
CELL_002102,1,0.00017006802721088434
CELL_004983,1,0.00017006802721088434
CELL_005728,1,0.00017006802721088434
CELL_001549,1,0.00017006802721088434
CELL_002293,1,0.00017006802721088434
CELL_001809,1,0.00017006802721088434
CELL_003389,1,0.00017006802721088434
CELL_003107,1,0.00017006802721088434
CELL_003270,1,0.00017006802721088434
CELL_005041,1,0.00017006802721088434
CELL_003322,1,0.00017006802721088434
CELL_002223,1,0.00017006802721088434
CELL_005421,1,0.00017006802721088434
CELL_003882,1,0.00017006802721088434
CELL_001676,1,0.00017006802721088434
CELL_001747,1,0.00017006802721088434
CELL_004644,1,0.00017006802721088434
CELL_001737,1,0.00017006802721088434
CELL_001630,1,0.00017006802721088434
CELL_003922,1,0.00017006802721088434
CELL_000431,1,0.00017006802721088434
CELL_001520,1,0.00017006802721088434
CELL_001379,1,0.00017006802721088434
CELL_004294,1,0.00017006802721088434
CELL_001024,1,0.00017006802721088434
CELL_002764,1,0.00017006802721088434
CELL_004350,1,0.00017006802721088434
CELL_002292,1,0.00017006802721088434
CELL_000913,1,0.00017006802721088434
CELL_002367,1,0.00017006802721088434
CELL_004840,1,0.00017006802721088434
CELL_003101,1,0.00017006802721088434
CELL_005258,1,0.00017006802721088434
CELL_001260,1,0.00017006802721088434
CELL_002923,1,0.00017006802721088434
CELL_003661,1,0.00017006802721088434
CELL_003341,1,0.00017006802721088434
CELL_000818,1,0.00017006802721088434
CELL_001112,1,0.00017006802721088434
CELL_005130,1,0.00017006802721088434
CELL_004339,1,0.00017006802721088434
CELL_003612,1,0.00017006802721088434
CELL_001265,1,0.00017006802721088434
CELL_000991,1,0.00017006802721088434
CELL_004377,1,0.00017006802721088434
CELL_005621,1,0.00017006802721088434
CELL_002808,1,0.00017006802721088434
CELL_005214,1,0.00017006802721088434
CELL_001181,1,0.00017006802721088434
CELL_005734,1,0.00017006802721088434
CELL_000889,1,0.00017006802721088434
CELL_002458,1,0.00017006802721088434
CELL_005320,1,0.00017006802721088434
CELL_001107,1,0.00017006802721088434
CELL_004401,1,0.00017006802721088434
CELL_000819,1,0.00017006802721088434
CELL_003913,1,0.00017006802721088434
CELL_004272,1,0.00017006802721088434
CELL_001698,1,0.00017006802721088434
CELL_002464,1,0.00017006802721088434
CELL_000137,1,0.00017006802721088434
CELL_003102,1,0.00017006802721088434
CELL_005246,1,0.00017006802721088434
CELL_004765,1,0.00017006802721088434
CELL_005578,1,0.00017006802721088434
CELL_005222,1,0.00017006802721088434
CELL_001996,1,0.00017006802721088434
CELL_003051,1,0.00017006802721088434
CELL_002225,1,0.00017006802721088434
CELL_003615,1,0.00017006802721088434
CELL_000437,1,0.00017006802721088434
CELL_003474,1,0.00017006802721088434
CELL_001589,1,0.00017006802721088434
CELL_004330,1,0.00017006802721088434
CELL_001591,1,0.00017006802721088434
CELL_003120,1,0.00017006802721088434
CELL_000974,1,0.00017006802721088434
CELL_003642,1,0.00017006802721088434
CELL_001590,1,0.00017006802721088434
CELL_001480,1,0.00017006802721088434
CELL_001470,1,0.00017006802721088434
CELL_003817,1,0.00017006802721088434
CELL_002079,1,0.00017006802721088434
CELL_003317,1,0.00017006802721088434
CELL_005792,1,0.00017006802721088434
CELL_001229,1,0.00017006802721088434
CELL_002952,1,0.00017006802721088434
CELL_005116,1,0.00017006802721088434
CELL_005570,1,0.00017006802721088434
CELL_000053,1,0.00017006802721088434
CELL_002999,1,0.00017006802721088434
CELL_003793,1,0.00017006802721088434
CELL_003373,1,0.00017006802721088434
CELL_001740,1,0.00017006802721088434
CELL_002789,1,0.00017006802721088434
CELL_000354,1,0.00017006802721088434
CELL_004482,1,0.00017006802721088434
CELL_005830,1,0.00017006802721088434
CELL_004122,1,0.00017006802721088434
CELL_001490,1,0.00017006802721088434
CELL_003774,1,0.00017006802721088434
CELL_000414,1,0.00017006802721088434
CELL_000942,1,0.00017006802721088434
CELL_000802,1,0.00017006802721088434
CELL_003711,1,0.00017006802721088434
CELL_003162,1,0.00017006802721088434
CELL_000257,1,0.00017006802721088434
CELL_005768,1,0.00017006802721088434
CELL_002236,1,0.00017006802721088434
CELL_002093,1,0.00017006802721088434
CELL_001314,1,0.00017006802721088434
CELL_002016,1,0.00017006802721088434
CELL_004073,1,0.00017006802721088434
CELL_002620,1,0.00017006802721088434
CELL_003044,1,0.00017006802721088434
CELL_001382,1,0.00017006802721088434
CELL_004291,1,0.00017006802721088434
CELL_000450,1,0.00017006802721088434
CELL_005264,1,0.00017006802721088434
CELL_005281,1,0.00017006802721088434
CELL_002878,1,0.00017006802721088434
CELL_001552,1,0.00017006802721088434
CELL_005444,1,0.00017006802721088434
CELL_001147,1,0.00017006802721088434
CELL_003589,1,0.00017006802721088434
CELL_001239,1,0.00017006802721088434
CELL_002343,1,0.00017006802721088434
CELL_002378,1,0.00017006802721088434
CELL_003448,1,0.00017006802721088434
CELL_005023,1,0.00017006802721088434
CELL_002232,1,0.00017006802721088434
CELL_002423,1,0.00017006802721088434
CELL_001498,1,0.00017006802721088434
CELL_003013,1,0.00017006802721088434
CELL_004248,1,0.00017006802721088434
CELL_001138,1,0.00017006802721088434
CELL_003605,1,0.00017006802721088434
CELL_003329,1,0.00017006802721088434
CELL_002893,1,0.00017006802721088434
CELL_003289,1,0.00017006802721088434
CELL_001347,1,0.00017006802721088434
CELL_004280,1,0.00017006802721088434
CELL_001228,1,0.00017006802721088434
CELL_005345,1,0.00017006802721088434
CELL_000277,1,0.00017006802721088434
CELL_005669,1,0.00017006802721088434
CELL_002796,1,0.00017006802721088434
CELL_001834,1,0.00017006802721088434
CELL_000683,1,0.00017006802721088434
CELL_005161,1,0.00017006802721088434
CELL_003208,1,0.00017006802721088434
CELL_000113,1,0.00017006802721088434
CELL_002312,1,0.00017006802721088434
CELL_002835,1,0.00017006802721088434
CELL_000057,1,0.00017006802721088434
CELL_001310,1,0.00017006802721088434
CELL_000696,1,0.00017006802721088434
CELL_000648,1,0.00017006802721088434
CELL_001768,1,0.00017006802721088434
CELL_003958,1,0.00017006802721088434
CELL_003434,1,0.00017006802721088434
CELL_004652,1,0.00017006802721088434
CELL_002526,1,0.00017006802721088434
CELL_000025,1,0.00017006802721088434
CELL_001089,1,0.00017006802721088434
CELL_003115,1,0.00017006802721088434
CELL_005746,1,0.00017006802721088434
CELL_004536,1,0.00017006802721088434
CELL_000666,1,0.00017006802721088434
CELL_002195,1,0.00017006802721088434
CELL_005688,1,0.00017006802721088434
CELL_005003,1,0.00017006802721088434
CELL_001018,1,0.00017006802721088434
CELL_004658,1,0.00017006802721088434
CELL_003478,1,0.00017006802721088434
CELL_001947,1,0.00017006802721088434
CELL_004695,1,0.00017006802721088434
CELL_005855,1,0.00017006802721088434
CELL_001611,1,0.00017006802721088434
CELL_005563,1,0.00017006802721088434
CELL_005673,1,0.00017006802721088434
CELL_003124,1,0.00017006802721088434
CELL_002472,1,0.00017006802721088434
CELL_003108,1,0.00017006802721088434
CELL_005108,1,0.00017006802721088434
CELL_004832,1,0.00017006802721088434
CELL_000082,1,0.00017006802721088434
CELL_001973,1,0.00017006802721088434
CELL_001715,1,0.00017006802721088434
CELL_003254,1,0.00017006802721088434
CELL_003572,1,0.00017006802721088434
CELL_003934,1,0.00017006802721088434
CELL_002385,1,0.00017006802721088434
CELL_003772,1,0.00017006802721088434
CELL_004088,1,0.00017006802721088434
CELL_005079,1,0.00017006802721088434
CELL_004059,1,0.00017006802721088434
CELL_004896,1,0.00017006802721088434
CELL_002887,1,0.00017006802721088434
CELL_005801,1,0.00017006802721088434
CELL_002187,1,0.00017006802721088434
CELL_003314,1,0.00017006802721088434
CELL_000909,1,0.00017006802721088434
CELL_001304,1,0.00017006802721088434
CELL_005491,1,0.00017006802721088434
CELL_001910,1,0.00017006802721088434
CELL_002981,1,0.00017006802721088434
CELL_003752,1,0.00017006802721088434
CELL_004640,1,0.00017006802721088434
CELL_003828,1,0.00017006802721088434
CELL_005396,1,0.00017006802721088434
CELL_001785,1,0.00017006802721088434
CELL_001238,1,0.00017006802721088434
CELL_003541,1,0.00017006802721088434
CELL_003907,1,0.00017006802721088434
CELL_003911,1,0.00017006802721088434
CELL_000267,1,0.00017006802721088434
CELL_002583,1,0.00017006802721088434
CELL_003218,1,0.00017006802721088434
CELL_002112,1,0.00017006802721088434
CELL_004061,1,0.00017006802721088434
CELL_000558,1,0.00017006802721088434
CELL_004237,1,0.00017006802721088434
CELL_003265,1,0.00017006802721088434
CELL_001208,1,0.00017006802721088434
CELL_003251,1,0.00017006802721088434
CELL_002906,1,0.00017006802721088434
CELL_001511,1,0.00017006802721088434
CELL_003717,1,0.00017006802721088434
CELL_002715,1,0.00017006802721088434
CELL_003719,1,0.00017006802721088434
CELL_003528,1,0.00017006802721088434
CELL_000059,1,0.00017006802721088434
CELL_000077,1,0.00017006802721088434
CELL_000797,1,0.00017006802721088434
CELL_002417,1,0.00017006802721088434
CELL_003653,1,0.00017006802721088434
CELL_001403,1,0.00017006802721088434
CELL_004029,1,0.00017006802721088434
CELL_005048,1,0.00017006802721088434
CELL_001933,1,0.00017006802721088434
CELL_003298,1,0.00017006802721088434
CELL_002785,1,0.00017006802721088434
CELL_004686,1,0.00017006802721088434
CELL_005201,1,0.00017006802721088434
CELL_000383,1,0.00017006802721088434
CELL_002684,1,0.00017006802721088434
CELL_000762,1,0.00017006802721088434
CELL_003465,1,0.00017006802721088434
CELL_005453,1,0.00017006802721088434
CELL_005684,1,0.00017006802721088434
CELL_005558,1,0.00017006802721088434
CELL_005494,1,0.00017006802721088434
CELL_001628,1,0.00017006802721088434
CELL_001523,1,0.00017006802721088434
CELL_000836,1,0.00017006802721088434
CELL_000359,1,0.00017006802721088434
CELL_000139,1,0.00017006802721088434
CELL_000300,1,0.00017006802721088434
CELL_001557,1,0.00017006802721088434
CELL_001004,1,0.00017006802721088434
CELL_002919,1,0.00017006802721088434
CELL_003166,1,0.00017006802721088434
CELL_005607,1,0.00017006802721088434
CELL_001055,1,0.00017006802721088434
CELL_003796,1,0.00017006802721088434
CELL_004507,1,0.00017006802721088434
CELL_003155,1,0.00017006802721088434
CELL_001416,1,0.00017006802721088434
CELL_002496,1,0.00017006802721088434
CELL_004583,1,0.00017006802721088434
CELL_004155,1,0.00017006802721088434
CELL_001179,1,0.00017006802721088434
CELL_004425,1,0.00017006802721088434
CELL_004804,1,0.00017006802721088434
CELL_000443,1,0.00017006802721088434
CELL_003908,1,0.00017006802721088434
CELL_003221,1,0.00017006802721088434
CELL_004539,1,0.00017006802721088434
CELL_000911,1,0.00017006802721088434
CELL_002173,1,0.00017006802721088434
CELL_004333,1,0.00017006802721088434
CELL_002310,1,0.00017006802721088434
CELL_005508,1,0.00017006802721088434
CELL_001258,1,0.00017006802721088434
CELL_004300,1,0.00017006802721088434
CELL_000786,1,0.00017006802721088434
CELL_003718,1,0.00017006802721088434
CELL_002868,1,0.00017006802721088434
CELL_002218,1,0.00017006802721088434
CELL_002674,1,0.00017006802721088434
CELL_002532,1,0.00017006802721088434
CELL_004828,1,0.00017006802721088434
CELL_005406,1,0.00017006802721088434
CELL_001065,1,0.00017006802721088434
CELL_005878,1,0.00017006802721088434
CELL_002243,1,0.00017006802721088434
CELL_001475,1,0.00017006802721088434
CELL_004533,1,0.00017006802721088434
CELL_001890,1,0.00017006802721088434
CELL_003320,1,0.00017006802721088434
CELL_002488,1,0.00017006802721088434
CELL_000679,1,0.00017006802721088434
CELL_001944,1,0.00017006802721088434
CELL_004018,1,0.00017006802721088434
CELL_005410,1,0.00017006802721088434
CELL_003197,1,0.00017006802721088434
CELL_004513,1,0.00017006802721088434
CELL_005001,1,0.00017006802721088434
CELL_004199,1,0.00017006802721088434
CELL_002012,1,0.00017006802721088434
CELL_004455,1,0.00017006802721088434
CELL_002949,1,0.00017006802721088434
CELL_004744,1,0.00017006802721088434
CELL_004442,1,0.00017006802721088434
CELL_004415,1,0.00017006802721088434
CELL_000007,1,0.00017006802721088434
CELL_002373,1,0.00017006802721088434
CELL_004152,1,0.00017006802721088434
CELL_005315,1,0.00017006802721088434
CELL_003495,1,0.00017006802721088434
CELL_005000,1,0.00017006802721088434
CELL_004352,1,0.00017006802721088434
CELL_001503,1,0.00017006802721088434
CELL_003361,1,0.00017006802721088434
CELL_005186,1,0.00017006802721088434
CELL_001936,1,0.00017006802721088434
CELL_000387,1,0.00017006802721088434
CELL_001702,1,0.00017006802721088434
CELL_001629,1,0.00017006802721088434
CELL_003072,1,0.00017006802721088434
CELL_004997,1,0.00017006802721088434
CELL_005143,1,0.00017006802721088434
CELL_004472,1,0.00017006802721088434
CELL_005699,1,0.00017006802721088434
CELL_005284,1,0.00017006802721088434
CELL_002283,1,0.00017006802721088434
CELL_003853,1,0.00017006802721088434
CELL_000268,1,0.00017006802721088434
CELL_001105,1,0.00017006802721088434
CELL_002306,1,0.00017006802721088434
CELL_005322,1,0.00017006802721088434
CELL_004834,1,0.00017006802721088434
CELL_003130,1,0.00017006802721088434
CELL_000223,1,0.00017006802721088434
CELL_005452,1,0.00017006802721088434
CELL_000049,1,0.00017006802721088434
CELL_000574,1,0.00017006802721088434
CELL_001237,1,0.00017006802721088434
CELL_002022,1,0.00017006802721088434
CELL_004629,1,0.00017006802721088434
CELL_004185,1,0.00017006802721088434
CELL_002468,1,0.00017006802721088434
CELL_002642,1,0.00017006802721088434
CELL_001131,1,0.00017006802721088434
CELL_001462,1,0.00017006802721088434
CELL_003728,1,0.00017006802721088434
CELL_002759,1,0.00017006802721088434
CELL_003618,1,0.00017006802721088434
CELL_002699,1,0.00017006802721088434
CELL_001711,1,0.00017006802721088434
CELL_004490,1,0.00017006802721088434
CELL_002479,1,0.00017006802721088434
CELL_001367,1,0.00017006802721088434
CELL_000174,1,0.00017006802721088434
CELL_003835,1,0.00017006802721088434
CELL_002971,1,0.00017006802721088434
CELL_002460,1,0.00017006802721088434
CELL_001775,1,0.00017006802721088434
CELL_004126,1,0.00017006802721088434
CELL_003850,1,0.00017006802721088434
CELL_005113,1,0.00017006802721088434
CELL_004775,1,0.00017006802721088434
CELL_002498,1,0.00017006802721088434
CELL_005160,1,0.00017006802721088434
CELL_003500,1,0.00017006802721088434
CELL_000959,1,0.00017006802721088434
CELL_001794,1,0.00017006802721088434
CELL_002089,1,0.00017006802721088434
CELL_000332,1,0.00017006802721088434
CELL_003204,1,0.00017006802721088434
CELL_001564,1,0.00017006802721088434
CELL_003438,1,0.00017006802721088434
CELL_000210,1,0.00017006802721088434
CELL_000910,1,0.00017006802721088434
CELL_001290,1,0.00017006802721088434
CELL_004439,1,0.00017006802721088434
CELL_003704,1,0.00017006802721088434
CELL_001843,1,0.00017006802721088434
CELL_000817,1,0.00017006802721088434
CELL_001573,1,0.00017006802721088434
CELL_004036,1,0.00017006802721088434
CELL_001801,1,0.00017006802721088434
CELL_002281,1,0.00017006802721088434
CELL_005245,1,0.00017006802721088434
CELL_004654,1,0.00017006802721088434
CELL_003759,1,0.00017006802721088434
CELL_005475,1,0.00017006802721088434
CELL_003378,1,0.00017006802721088434
CELL_000397,1,0.00017006802721088434
CELL_004419,1,0.00017006802721088434
CELL_003211,1,0.00017006802721088434
CELL_001813,1,0.00017006802721088434
CELL_003469,1,0.00017006802721088434
CELL_004263,1,0.00017006802721088434
CELL_002037,1,0.00017006802721088434
CELL_005152,1,0.00017006802721088434
CELL_005279,1,0.00017006802721088434
CELL_004047,1,0.00017006802721088434
CELL_000001,1,0.00017006802721088434
CELL_002175,1,0.00017006802721088434
CELL_001357,1,0.00017006802721088434
CELL_004378,1,0.00017006802721088434
CELL_003883,1,0.00017006802721088434
CELL_004332,1,0.00017006802721088434
CELL_005219,1,0.00017006802721088434
CELL_005124,1,0.00017006802721088434
CELL_003283,1,0.00017006802721088434
CELL_001953,1,0.00017006802721088434
CELL_003075,1,0.00017006802721088434
CELL_005311,1,0.00017006802721088434
CELL_001645,1,0.00017006802721088434
CELL_002141,1,0.00017006802721088434
CELL_003843,1,0.00017006802721088434
CELL_003312,1,0.00017006802721088434
CELL_001491,1,0.00017006802721088434
CELL_003228,1,0.00017006802721088434
CELL_000730,1,0.00017006802721088434
CELL_003695,1,0.00017006802721088434
CELL_004257,1,0.00017006802721088434
CELL_001848,1,0.00017006802721088434
CELL_004319,1,0.00017006802721088434
CELL_001456,1,0.00017006802721088434
CELL_004923,1,0.00017006802721088434
CELL_002836,1,0.00017006802721088434
CELL_002751,1,0.00017006802721088434
CELL_000867,1,0.00017006802721088434
CELL_000555,1,0.00017006802721088434
CELL_001160,1,0.00017006802721088434
CELL_001214,1,0.00017006802721088434
CELL_004634,1,0.00017006802721088434
CELL_001326,1,0.00017006802721088434
CELL_005244,1,0.00017006802721088434
CELL_004082,1,0.00017006802721088434
CELL_000701,1,0.00017006802721088434
CELL_004446,1,0.00017006802721088434
CELL_004900,1,0.00017006802721088434
CELL_005071,1,0.00017006802721088434
CELL_005261,1,0.00017006802721088434
CELL_003319,1,0.00017006802721088434
CELL_003862,1,0.00017006802721088434
CELL_004606,1,0.00017006802721088434
CELL_004212,1,0.00017006802721088434
CELL_004964,1,0.00017006802721088434
CELL_002581,1,0.00017006802721088434
CELL_003481,1,0.00017006802721088434
CELL_004323,1,0.00017006802721088434
CELL_004023,1,0.00017006802721088434
CELL_005658,1,0.00017006802721088434
CELL_002074,1,0.00017006802721088434
CELL_000659,1,0.00017006802721088434
CELL_003439,1,0.00017006802721088434
CELL_002396,1,0.00017006802721088434
CELL_005822,1,0.00017006802721088434
CELL_001847,1,0.00017006802721088434
CELL_000132,1,0.00017006802721088434
CELL_000179,1,0.00017006802721088434
CELL_005251,1,0.00017006802721088434
CELL_003660,1,0.00017006802721088434
CELL_001186,1,0.00017006802721088434
CELL_002008,1,0.00017006802721088434
CELL_000194,1,0.00017006802721088434
CELL_001516,1,0.00017006802721088434
CELL_000579,1,0.00017006802721088434
CELL_002124,1,0.00017006802721088434
CELL_001430,1,0.00017006802721088434
CELL_000772,1,0.00017006802721088434
CELL_003363,1,0.00017006802721088434
CELL_002621,1,0.00017006802721088434
CELL_001937,1,0.00017006802721088434
CELL_004055,1,0.00017006802721088434
CELL_001111,1,0.00017006802721088434
CELL_005077,1,0.00017006802721088434
CELL_005256,1,0.00017006802721088434
CELL_002395,1,0.00017006802721088434
CELL_003788,1,0.00017006802721088434
CELL_004097,1,0.00017006802721088434
CELL_003633,1,0.00017006802721088434
CELL_004127,1,0.00017006802721088434
CELL_002986,1,0.00017006802721088434
CELL_005635,1,0.00017006802721088434
CELL_005412,1,0.00017006802721088434
CELL_001086,1,0.00017006802721088434
CELL_003548,1,0.00017006802721088434
CELL_005647,1,0.00017006802721088434
CELL_001300,1,0.00017006802721088434
CELL_004077,1,0.00017006802721088434
CELL_005398,1,0.00017006802721088434
CELL_000661,1,0.00017006802721088434
CELL_001791,1,0.00017006802721088434
CELL_003685,1,0.00017006802721088434
CELL_003460,1,0.00017006802721088434
CELL_002528,1,0.00017006802721088434
CELL_000728,1,0.00017006802721088434
CELL_004632,1,0.00017006802721088434
CELL_000977,1,0.00017006802721088434
CELL_002772,1,0.00017006802721088434
CELL_004054,1,0.00017006802721088434
CELL_001929,1,0.00017006802721088434
CELL_001897,1,0.00017006802721088434
CELL_004324,1,0.00017006802721088434
CELL_003905,1,0.00017006802721088434
CELL_002222,1,0.00017006802721088434
CELL_005566,1,0.00017006802721088434
CELL_002380,1,0.00017006802721088434
CELL_001448,1,0.00017006802721088434
CELL_000343,1,0.00017006802721088434
CELL_005239,1,0.00017006802721088434
CELL_005007,1,0.00017006802721088434
CELL_004547,1,0.00017006802721088434
CELL_001144,1,0.00017006802721088434
CELL_000398,1,0.00017006802721088434
CELL_003956,1,0.00017006802721088434
CELL_005042,1,0.00017006802721088434
CELL_003756,1,0.00017006802721088434
CELL_004079,1,0.00017006802721088434
CELL_004915,1,0.00017006802721088434
CELL_004289,1,0.00017006802721088434
CELL_002368,1,0.00017006802721088434
CELL_004698,1,0.00017006802721088434
CELL_003732,1,0.00017006802721088434
CELL_002513,1,0.00017006802721088434
CELL_002724,1,0.00017006802721088434
CELL_000068,1,0.00017006802721088434
CELL_003510,1,0.00017006802721088434
CELL_002895,1,0.00017006802721088434
CELL_002270,1,0.00017006802721088434
CELL_005339,1,0.00017006802721088434
CELL_004635,1,0.00017006802721088434
CELL_000821,1,0.00017006802721088434
CELL_001227,1,0.00017006802721088434
CELL_005551,1,0.00017006802721088434
CELL_000695,1,0.00017006802721088434
CELL_001279,1,0.00017006802721088434
CELL_005217,1,0.00017006802721088434
CELL_001622,1,0.00017006802721088434
CELL_002562,1,0.00017006802721088434
CELL_004103,1,0.00017006802721088434
CELL_005338,1,0.00017006802721088434
CELL_000840,1,0.00017006802721088434
CELL_000501,1,0.00017006802721088434
CELL_003143,1,0.00017006802721088434
CELL_000142,1,0.00017006802721088434
CELL_004995,1,0.00017006802721088434
CELL_002606,1,0.00017006802721088434
CELL_001378,1,0.00017006802721088434
CELL_004571,1,0.00017006802721088434
CELL_005088,1,0.00017006802721088434
CELL_001905,1,0.00017006802721088434
CELL_005331,1,0.00017006802721088434
CELL_001531,1,0.00017006802721088434
CELL_004166,1,0.00017006802721088434
CELL_001566,1,0.00017006802721088434
CELL_004349,1,0.00017006802721088434
CELL_002750,1,0.00017006802721088434
CELL_000083,1,0.00017006802721088434
CELL_005534,1,0.00017006802721088434
CELL_003347,1,0.00017006802721088434
CELL_004598,1,0.00017006802721088434
CELL_004653,1,0.00017006802721088434
CELL_004631,1,0.00017006802721088434
CELL_004787,1,0.00017006802721088434
CELL_000424,1,0.00017006802721088434
CELL_001399,1,0.00017006802721088434
CELL_001660,1,0.00017006802721088434
CELL_003201,1,0.00017006802721088434
CELL_002221,1,0.00017006802721088434
CELL_000980,1,0.00017006802721088434
CELL_002332,1,0.00017006802721088434
CELL_001299,1,0.00017006802721088434
CELL_005875,1,0.00017006802721088434
CELL_005678,1,0.00017006802721088434
CELL_000968,1,0.00017006802721088434
CELL_004970,1,0.00017006802721088434
CELL_003564,1,0.00017006802721088434
CELL_001684,1,0.00017006802721088434
CELL_002249,1,0.00017006802721088434
CELL_003998,1,0.00017006802721088434
CELL_005580,1,0.00017006802721088434
CELL_001830,1,0.00017006802721088434
CELL_003969,1,0.00017006802721088434
CELL_005190,1,0.00017006802721088434
CELL_005608,1,0.00017006802721088434
CELL_004550,1,0.00017006802721088434
CELL_001603,1,0.00017006802721088434
CELL_002239,1,0.00017006802721088434
CELL_000640,1,0.00017006802721088434
CELL_000551,1,0.00017006802721088434
CELL_000460,1,0.00017006802721088434
CELL_002020,1,0.00017006802721088434
CELL_000949,1,0.00017006802721088434
CELL_004052,1,0.00017006802721088434
CELL_002998,1,0.00017006802721088434
CELL_000533,1,0.00017006802721088434
CELL_003692,1,0.00017006802721088434
CELL_005764,1,0.00017006802721088434
CELL_002267,1,0.00017006802721088434
CELL_002918,1,0.00017006802721088434
CELL_001139,1,0.00017006802721088434
CELL_002258,1,0.00017006802721088434
CELL_003459,1,0.00017006802721088434
CELL_001788,1,0.00017006802721088434
CELL_003490,1,0.00017006802721088434
CELL_005483,1,0.00017006802721088434
CELL_001699,1,0.00017006802721088434
CELL_005633,1,0.00017006802721088434
CELL_004021,1,0.00017006802721088434
CELL_003407,1,0.00017006802721088434
CELL_003822,1,0.00017006802721088434
CELL_004142,1,0.00017006802721088434
CELL_000986,1,0.00017006802721088434
CELL_005872,1,0.00017006802721088434
CELL_004363,1,0.00017006802721088434
CELL_005644,1,0.00017006802721088434
CELL_005794,1,0.00017006802721088434
CELL_000943,1,0.00017006802721088434
CELL_002355,1,0.00017006802721088434
CELL_004673,1,0.00017006802721088434
CELL_005072,1,0.00017006802721088434
CELL_004975,1,0.00017006802721088434
CELL_000289,1,0.00017006802721088434
CELL_000931,1,0.00017006802721088434
CELL_005549,1,0.00017006802721088434
CELL_005572,1,0.00017006802721088434
CELL_002885,1,0.00017006802721088434
CELL_003468,1,0.00017006802721088434
CELL_003091,1,0.00017006802721088434
CELL_003635,1,0.00017006802721088434
CELL_000156,1,0.00017006802721088434
CELL_002296,1,0.00017006802721088434
CELL_003385,1,0.00017006802721088434
CELL_003863,1,0.00017006802721088434
CELL_001090,1,0.00017006802721088434
CELL_005806,1,0.00017006802721088434
CELL_002320,1,0.00017006802721088434
CELL_002179,1,0.00017006802721088434
CELL_003657,1,0.00017006802721088434
CELL_000247,1,0.00017006802721088434
CELL_001595,1,0.00017006802721088434
CELL_001759,1,0.00017006802721088434
CELL_005720,1,0.00017006802721088434
CELL_003821,1,0.00017006802721088434
CELL_000924,1,0.00017006802721088434
CELL_000265,1,0.00017006802721088434
CELL_002749,1,0.00017006802721088434
CELL_003261,1,0.00017006802721088434
CELL_002693,1,0.00017006802721088434
CELL_000930,1,0.00017006802721088434
CELL_005267,1,0.00017006802721088434
CELL_003104,1,0.00017006802721088434
CELL_002401,1,0.00017006802721088434
CELL_003309,1,0.00017006802721088434
CELL_004210,1,0.00017006802721088434
CELL_004418,1,0.00017006802721088434
CELL_005031,1,0.00017006802721088434
CELL_003260,1,0.00017006802721088434
CELL_004667,1,0.00017006802721088434
CELL_001458,1,0.00017006802721088434
CELL_001396,1,0.00017006802721088434
CELL_005876,1,0.00017006802721088434
CELL_005305,1,0.00017006802721088434
CELL_003039,1,0.00017006802721088434
CELL_005614,1,0.00017006802721088434
CELL_000982,1,0.00017006802721088434
CELL_004259,1,0.00017006802721088434
CELL_003876,1,0.00017006802721088434
CELL_005349,1,0.00017006802721088434
CELL_001899,1,0.00017006802721088434
CELL_001650,1,0.00017006802721088434
CELL_003337,1,0.00017006802721088434
CELL_000259,1,0.00017006802721088434
CELL_002925,1,0.00017006802721088434
CELL_002435,1,0.00017006802721088434
CELL_000848,1,0.00017006802721088434
CELL_002823,1,0.00017006802721088434
CELL_002956,1,0.00017006802721088434
CELL_005632,1,0.00017006802721088434
CELL_001916,1,0.00017006802721088434
CELL_000613,1,0.00017006802721088434
CELL_005687,1,0.00017006802721088434
CELL_002268,1,0.00017006802721088434
CELL_002534,1,0.00017006802721088434
CELL_000040,1,0.00017006802721088434
CELL_005659,1,0.00017006802721088434
CELL_004412,1,0.00017006802721088434
CELL_002697,1,0.00017006802721088434
CELL_002592,1,0.00017006802721088434
CELL_004976,1,0.00017006802721088434
CELL_001782,1,0.00017006802721088434
CELL_002414,1,0.00017006802721088434
CELL_002308,1,0.00017006802721088434
CELL_004943,1,0.00017006802721088434
CELL_000269,1,0.00017006802721088434
CELL_000670,1,0.00017006802721088434
CELL_003723,1,0.00017006802721088434
CELL_001911,1,0.00017006802721088434
CELL_004067,1,0.00017006802721088434
CELL_001153,1,0.00017006802721088434
CELL_004824,1,0.00017006802721088434
CELL_002427,1,0.00017006802721088434
CELL_002649,1,0.00017006802721088434
CELL_001815,1,0.00017006802721088434
CELL_002727,1,0.00017006802721088434
CELL_000774,1,0.00017006802721088434
CELL_002275,1,0.00017006802721088434
CELL_001012,1,0.00017006802721088434
CELL_003834,1,0.00017006802721088434
CELL_000008,1,0.00017006802721088434
CELL_002316,1,0.00017006802721088434
CELL_005472,1,0.00017006802721088434
CELL_004297,1,0.00017006802721088434
CELL_004229,1,0.00017006802721088434
CELL_005165,1,0.00017006802721088434
CELL_001451,1,0.00017006802721088434
CELL_001202,1,0.00017006802721088434
CELL_000559,1,0.00017006802721088434
CELL_000905,1,0.00017006802721088434
CELL_002615,1,0.00017006802721088434
CELL_000485,1,0.00017006802721088434
CELL_002212,1,0.00017006802721088434
CELL_001321,1,0.00017006802721088434
CELL_005228,1,0.00017006802721088434
CELL_002556,1,0.00017006802721088434
CELL_004314,1,0.00017006802721088434
CELL_004987,1,0.00017006802721088434
CELL_004679,1,0.00017006802721088434
CELL_005803,1,0.00017006802721088434
CELL_001234,1,0.00017006802721088434
CELL_001128,1,0.00017006802721088434
CELL_005565,1,0.00017006802721088434
CELL_001968,1,0.00017006802721088434
CELL_000532,1,0.00017006802721088434
CELL_004831,1,0.00017006802721088434
CELL_002439,1,0.00017006802721088434
CELL_004769,1,0.00017006802721088434
CELL_004328,1,0.00017006802721088434
CELL_003800,1,0.00017006802721088434
CELL_004816,1,0.00017006802721088434
CELL_002291,1,0.00017006802721088434
CELL_002424,1,0.00017006802721088434
CELL_005740,1,0.00017006802721088434
CELL_005068,1,0.00017006802721088434
CELL_000884,1,0.00017006802721088434
CELL_003227,1,0.00017006802721088434
CELL_001092,1,0.00017006802721088434
CELL_004255,1,0.00017006802721088434
CELL_005393,1,0.00017006802721088434
CELL_002728,1,0.00017006802721088434
CELL_000782,1,0.00017006802721088434
CELL_002652,1,0.00017006802721088434
CELL_005711,1,0.00017006802721088434
CELL_001750,1,0.00017006802721088434
CELL_002127,1,0.00017006802721088434
CELL_004839,1,0.00017006802721088434
CELL_004092,1,0.00017006802721088434
CELL_003333,1,0.00017006802721088434
CELL_001992,1,0.00017006802721088434
CELL_001278,1,0.00017006802721088434
CELL_001784,1,0.00017006802721088434
CELL_004309,1,0.00017006802721088434
CELL_000447,1,0.00017006802721088434
CELL_000881,1,0.00017006802721088434
CELL_005242,1,0.00017006802721088434
CELL_002471,1,0.00017006802721088434
CELL_004432,1,0.00017006802721088434
CELL_003456,1,0.00017006802721088434
CELL_003002,1,0.00017006802721088434
CELL_005037,1,0.00017006802721088434
CELL_000573,1,0.00017006802721088434
CELL_003561,1,0.00017006802721088434
CELL_000593,1,0.00017006802721088434
CELL_005019,1,0.00017006802721088434
CELL_004680,1,0.00017006802721088434
CELL_004150,1,0.00017006802721088434
CELL_001518,1,0.00017006802721088434
CELL_000966,1,0.00017006802721088434
CELL_005675,1,0.00017006802721088434
CELL_000529,1,0.00017006802721088434
CELL_000177,1,0.00017006802721088434
CELL_000435,1,0.00017006802721088434
CELL_001904,1,0.00017006802721088434
CELL_000098,1,0.00017006802721088434
CELL_003049,1,0.00017006802721088434
CELL_003248,1,0.00017006802721088434
CELL_002070,1,0.00017006802721088434
CELL_001538,1,0.00017006802721088434
CELL_003078,1,0.00017006802721088434
CELL_001728,1,0.00017006802721088434
CELL_000611,1,0.00017006802721088434
CELL_000571,1,0.00017006802721088434
CELL_003625,1,0.00017006802721088434
CELL_001318,1,0.00017006802721088434
CELL_000344,1,0.00017006802721088434
CELL_004090,1,0.00017006802721088434
CELL_000637,1,0.00017006802721088434
CELL_001337,1,0.00017006802721088434
CELL_002190,1,0.00017006802721088434
CELL_005392,1,0.00017006802721088434
CELL_005297,1,0.00017006802721088434
CELL_003163,1,0.00017006802721088434
CELL_002247,1,0.00017006802721088434
CELL_003983,1,0.00017006802721088434
CELL_005696,1,0.00017006802721088434
CELL_004057,1,0.00017006802721088434
CELL_004146,1,0.00017006802721088434
CELL_005103,1,0.00017006802721088434
CELL_005070,1,0.00017006802721088434
CELL_001106,1,0.00017006802721088434
CELL_003498,1,0.00017006802721088434
CELL_002362,1,0.00017006802721088434
CELL_004729,1,0.00017006802721088434
CELL_002209,1,0.00017006802721088434
CELL_003489,1,0.00017006802721088434
CELL_002493,1,0.00017006802721088434
CELL_003750,1,0.00017006802721088434
CELL_000384,1,0.00017006802721088434
CELL_000853,1,0.00017006802721088434
CELL_001881,1,0.00017006802721088434
CELL_000371,1,0.00017006802721088434
CELL_004879,1,0.00017006802721088434
CELL_003063,1,0.00017006802721088434
CELL_003348,1,0.00017006802721088434
CELL_002375,1,0.00017006802721088434
CELL_003065,1,0.00017006802721088434
CELL_005516,1,0.00017006802721088434
CELL_004246,1,0.00017006802721088434
CELL_004354,1,0.00017006802721088434
CELL_004791,1,0.00017006802721088434
CELL_001975,1,0.00017006802721088434
CELL_000163,1,0.00017006802721088434
CELL_004218,1,0.00017006802721088434
CELL_003898,1,0.00017006802721088434
CELL_005283,1,0.00017006802721088434
CELL_003376,1,0.00017006802721088434
CELL_000618,1,0.00017006802721088434
CELL_000841,1,0.00017006802721088434
CELL_005468,1,0.00017006802721088434
CELL_000582,1,0.00017006802721088434
CELL_000205,1,0.00017006802721088434
CELL_001642,1,0.00017006802721088434
CELL_002015,1,0.00017006802721088434
CELL_000906,1,0.00017006802721088434
CELL_000632,1,0.00017006802721088434
CELL_001465,1,0.00017006802721088434
CELL_000875,1,0.00017006802721088434
CELL_002298,1,0.00017006802721088434
CELL_002644,1,0.00017006802721088434
CELL_004488,1,0.00017006802721088434
CELL_005539,1,0.00017006802721088434
CELL_001252,1,0.00017006802721088434
CELL_003196,1,0.00017006802721088434
CELL_001172,1,0.00017006802721088434
CELL_003524,1,0.00017006802721088434
CELL_003659,1,0.00017006802721088434
CELL_001423,1,0.00017006802721088434
CELL_002687,1,0.00017006802721088434
CELL_003188,1,0.00017006802721088434
CELL_004242,1,0.00017006802721088434
CELL_004878,1,0.00017006802721088434
CELL_004510,1,0.00017006802721088434
CELL_003146,1,0.00017006802721088434
CELL_003632,1,0.00017006802721088434
CELL_002097,1,0.00017006802721088434
CELL_004295,1,0.00017006802721088434
CELL_001957,1,0.00017006802721088434
CELL_001373,1,0.00017006802721088434
CELL_004002,1,0.00017006802721088434
CELL_000641,1,0.00017006802721088434
CELL_003663,1,0.00017006802721088434
CELL_004478,1,0.00017006802721088434
CELL_005745,1,0.00017006802721088434
CELL_000638,1,0.00017006802721088434
CELL_005877,1,0.00017006802721088434
CELL_004968,1,0.00017006802721088434
CELL_002309,1,0.00017006802721088434
CELL_003249,1,0.00017006802721088434
CELL_003616,1,0.00017006802721088434
CELL_003371,1,0.00017006802721088434
CELL_004797,1,0.00017006802721088434
CELL_002857,1,0.00017006802721088434
CELL_001862,1,0.00017006802721088434
CELL_002660,1,0.00017006802721088434
CELL_005395,1,0.00017006802721088434
CELL_000876,1,0.00017006802721088434
CELL_001432,1,0.00017006802721088434
CELL_002974,1,0.00017006802721088434
CELL_004032,1,0.00017006802721088434
CELL_000548,1,0.00017006802721088434
CELL_004335,1,0.00017006802721088434
CELL_005340,1,0.00017006802721088434
CELL_004952,1,0.00017006802721088434
CELL_001583,1,0.00017006802721088434
CELL_005004,1,0.00017006802721088434
CELL_003443,1,0.00017006802721088434
CELL_003708,1,0.00017006802721088434
CELL_001071,1,0.00017006802721088434
CELL_001776,1,0.00017006802721088434
CELL_005650,1,0.00017006802721088434
CELL_001284,1,0.00017006802721088434
CELL_005282,1,0.00017006802721088434
CELL_005839,1,0.00017006802721088434
CELL_000837,1,0.00017006802721088434
CELL_000602,1,0.00017006802721088434
CELL_002185,1,0.00017006802721088434
CELL_004677,1,0.00017006802721088434
CELL_003379,1,0.00017006802721088434
CELL_005050,1,0.00017006802721088434
CELL_002302,1,0.00017006802721088434
CELL_001886,1,0.00017006802721088434
CELL_001643,1,0.00017006802721088434
CELL_000973,1,0.00017006802721088434
CELL_005651,1,0.00017006802721088434
CELL_002098,1,0.00017006802721088434
CELL_005107,1,0.00017006802721088434
CELL_005194,1,0.00017006802721088434
CELL_000922,1,0.00017006802721088434
CELL_000547,1,0.00017006802721088434
CELL_001450,1,0.00017006802721088434
CELL_002805,1,0.00017006802721088434
CELL_002611,1,0.00017006802721088434
CELL_001901,1,0.00017006802721088434
CELL_002758,1,0.00017006802721088434
CELL_002029,1,0.00017006802721088434
CELL_002975,1,0.00017006802721088434
CELL_001141,1,0.00017006802721088434
CELL_000998,1,0.00017006802721088434
CELL_001338,1,0.00017006802721088434
CELL_000542,1,0.00017006802721088434
CELL_001100,1,0.00017006802721088434
CELL_001133,1,0.00017006802721088434
CELL_005700,1,0.00017006802721088434
CELL_003545,1,0.00017006802721088434
CELL_005083,1,0.00017006802721088434
CELL_005231,1,0.00017006802721088434
CELL_001374,1,0.00017006802721088434
CELL_000740,1,0.00017006802721088434
CELL_004519,1,0.00017006802721088434
CELL_003323,1,0.00017006802721088434
CELL_000868,1,0.00017006802721088434
CELL_005838,1,0.00017006802721088434
CELL_000476,1,0.00017006802721088434
CELL_002811,1,0.00017006802721088434
CELL_004407,1,0.00017006802721088434
CELL_001652,1,0.00017006802721088434
CELL_005459,1,0.00017006802721088434
CELL_005024,1,0.00017006802721088434
CELL_002529,1,0.00017006802721088434
CELL_005727,1,0.00017006802721088434
CELL_004293,1,0.00017006802721088434
CELL_005587,1,0.00017006802721088434
CELL_001837,1,0.00017006802721088434
CELL_005153,1,0.00017006802721088434
CELL_001020,1,0.00017006802721088434
CELL_000971,1,0.00017006802721088434
CELL_001327,1,0.00017006802721088434
CELL_000188,1,0.00017006802721088434
CELL_003575,1,0.00017006802721088434
CELL_004183,1,0.00017006802721088434
CELL_002086,1,0.00017006802721088434
CELL_002250,1,0.00017006802721088434
CELL_003542,1,0.00017006802721088434
CELL_005751,1,0.00017006802721088434
CELL_002024,1,0.00017006802721088434
CELL_005270,1,0.00017006802721088434
CELL_005002,1,0.00017006802721088434
CELL_002631,1,0.00017006802721088434
CELL_004710,1,0.00017006802721088434
CELL_004249,1,0.00017006802721088434
CELL_003275,1,0.00017006802721088434
CELL_000941,1,0.00017006802721088434
CELL_001081,1,0.00017006802721088434
CELL_005804,1,0.00017006802721088434
CELL_003263,1,0.00017006802721088434
CELL_002814,1,0.00017006802721088434
CELL_005090,1,0.00017006802721088434
CELL_003287,1,0.00017006802721088434
CELL_001079,1,0.00017006802721088434
CELL_004443,1,0.00017006802721088434
CELL_005373,1,0.00017006802721088434
CELL_003693,1,0.00017006802721088434
CELL_002259,1,0.00017006802721088434
CELL_004751,1,0.00017006802721088434
CELL_002963,1,0.00017006802721088434
CELL_000060,1,0.00017006802721088434
CELL_003923,1,0.00017006802721088434
CELL_001939,1,0.00017006802721088434
CELL_003506,1,0.00017006802721088434
CELL_005810,1,0.00017006802721088434
CELL_000314,1,0.00017006802721088434
CELL_002650,1,0.00017006802721088434
CELL_002282,1,0.00017006802721088434
CELL_005879,1,0.00017006802721088434
CELL_004201,1,0.00017006802721088434
CELL_002548,1,0.00017006802721088434
CELL_001417,1,0.00017006802721088434
CELL_001779,1,0.00017006802721088434
CELL_002635,1,0.00017006802721088434
CELL_003092,1,0.00017006802721088434
CELL_005836,1,0.00017006802721088434
CELL_001038,1,0.00017006802721088434
CELL_004898,1,0.00017006802721088434
CELL_002257,1,0.00017006802721088434
CELL_004641,1,0.00017006802721088434
CELL_004130,1,0.00017006802721088434
CELL_005786,1,0.00017006802721088434
CELL_001405,1,0.00017006802721088434
CELL_002180,1,0.00017006802721088434
CELL_000698,1,0.00017006802721088434
CELL_001125,1,0.00017006802721088434
CELL_005038,1,0.00017006802721088434
CELL_003971,1,0.00017006802721088434
CELL_005063,1,0.00017006802721088434
CELL_001493,1,0.00017006802721088434
CELL_004512,1,0.00017006802721088434
CELL_003884,1,0.00017006802721088434
CELL_000227,1,0.00017006802721088434
CELL_001014,1,0.00017006802721088434
CELL_002584,1,0.00017006802721088434
CELL_001930,1,0.00017006802721088434
CELL_002184,1,0.00017006802721088434
CELL_001135,1,0.00017006802721088434
CELL_005679,1,0.00017006802721088434
CELL_003200,1,0.00017006802721088434
CELL_004688,1,0.00017006802721088434
CELL_002156,1,0.00017006802721088434
CELL_001831,1,0.00017006802721088434
CELL_001054,1,0.00017006802721088434
CELL_001924,1,0.00017006802721088434
CELL_000449,1,0.00017006802721088434
CELL_003842,1,0.00017006802721088434
CELL_003436,1,0.00017006802721088434
CELL_005841,1,0.00017006802721088434
CELL_003488,1,0.00017006802721088434
CELL_003258,1,0.00017006802721088434
CELL_000362,1,0.00017006802721088434
CELL_003667,1,0.00017006802721088434
CELL_003483,1,0.00017006802721088434
CELL_002521,1,0.00017006802721088434
CELL_000874,1,0.00017006802721088434
CELL_004343,1,0.00017006802721088434
CELL_004402,1,0.00017006802721088434
CELL_001507,1,0.00017006802721088434
CELL_003740,1,0.00017006802721088434
CELL_001037,1,0.00017006802721088434
CELL_002160,1,0.00017006802721088434
CELL_002985,1,0.00017006802721088434
CELL_003138,1,0.00017006802721088434
CELL_004886,1,0.00017006802721088434
CELL_001755,1,0.00017006802721088434
CELL_004177,1,0.00017006802721088434
CELL_003830,1,0.00017006802721088434
CELL_001369,1,0.00017006802721088434
CELL_000235,1,0.00017006802721088434
CELL_005823,1,0.00017006802721088434
CELL_000598,1,0.00017006802721088434
CELL_005193,1,0.00017006802721088434
CELL_002251,1,0.00017006802721088434
CELL_004777,1,0.00017006802721088434
CELL_002284,1,0.00017006802721088434
CELL_000283,1,0.00017006802721088434
CELL_002484,1,0.00017006802721088434
CELL_000463,1,0.00017006802721088434
CELL_000213,1,0.00017006802721088434
CELL_002589,1,0.00017006802721088434
CELL_003399,1,0.00017006802721088434
CELL_002908,1,0.00017006802721088434
CELL_002582,1,0.00017006802721088434
CELL_005701,1,0.00017006802721088434
CELL_002469,1,0.00017006802721088434
CELL_002326,1,0.00017006802721088434
CELL_000461,1,0.00017006802721088434
CELL_001068,1,0.00017006802721088434
CELL_000088,1,0.00017006802721088434
CELL_001431,1,0.00017006802721088434
CELL_004191,1,0.00017006802721088434
CELL_002461,1,0.00017006802721088434
CELL_000023,1,0.00017006802721088434
CELL_002067,1,0.00017006802721088434
CELL_001654,1,0.00017006802721088434
CELL_003517,1,0.00017006802721088434
CELL_004245,1,0.00017006802721088434
CELL_002744,1,0.00017006802721088434
CELL_003807,1,0.00017006802721088434
CELL_002838,1,0.00017006802721088434
CELL_003033,1,0.00017006802721088434
CELL_002172,1,0.00017006802721088434
CELL_003768,1,0.00017006802721088434
CELL_001851,1,0.00017006802721088434
CELL_000488,1,0.00017006802721088434
CELL_001689,1,0.00017006802721088434
CELL_002231,1,0.00017006802721088434
CELL_004837,1,0.00017006802721088434
CELL_005681,1,0.00017006802721088434
CELL_000686,1,0.00017006802721088434
CELL_004929,1,0.00017006802721088434
CELL_003244,1,0.00017006802721088434
CELL_001749,1,0.00017006802721088434
CELL_005488,1,0.00017006802721088434
CELL_005303,1,0.00017006802721088434
CELL_002991,1,0.00017006802721088434
CELL_005230,1,0.00017006802721088434
CELL_000780,1,0.00017006802721088434
CELL_002545,1,0.00017006802721088434
CELL_004368,1,0.00017006802721088434
CELL_004397,1,0.00017006802721088434
CELL_004302,1,0.00017006802721088434
CELL_004238,1,0.00017006802721088434
CELL_000663,1,0.00017006802721088434
CELL_005835,1,0.00017006802721088434
CELL_002286,1,0.00017006802721088434
CELL_005544,1,0.00017006802721088434
CELL_004234,1,0.00017006802721088434
CELL_003602,1,0.00017006802721088434
CELL_005364,1,0.00017006802721088434
CELL_003403,1,0.00017006802721088434
CELL_000378,1,0.00017006802721088434
CELL_000217,1,0.00017006802721088434
CELL_002217,1,0.00017006802721088434
CELL_005213,1,0.00017006802721088434
CELL_001614,1,0.00017006802721088434
CELL_002884,1,0.00017006802721088434
CELL_004348,1,0.00017006802721088434
CELL_000963,1,0.00017006802721088434
CELL_001883,1,0.00017006802721088434
CELL_000652,1,0.00017006802721088434
CELL_005590,1,0.00017006802721088434
CELL_001802,1,0.00017006802721088434
CELL_000370,1,0.00017006802721088434
CELL_005221,1,0.00017006802721088434
CELL_003584,1,0.00017006802721088434
CELL_000119,1,0.00017006802721088434
CELL_004734,1,0.00017006802721088434
CELL_002399,1,0.00017006802721088434
CELL_002208,1,0.00017006802721088434
CELL_004429,1,0.00017006802721088434
CELL_000781,1,0.00017006802721088434
CELL_004597,1,0.00017006802721088434
CELL_003840,1,0.00017006802721088434
CELL_001512,1,0.00017006802721088434
CELL_004428,1,0.00017006802721088434
CELL_002321,1,0.00017006802721088434
CELL_000783,1,0.00017006802721088434
CELL_000522,1,0.00017006802721088434
CELL_000523,1,0.00017006802721088434
CELL_004308,1,0.00017006802721088434
CELL_002940,1,0.00017006802721088434
CELL_004590,1,0.00017006802721088434
CELL_001415,1,0.00017006802721088434
CELL_001235,1,0.00017006802721088434
CELL_003668,1,0.00017006802721088434
CELL_000436,1,0.00017006802721088434
CELL_001675,1,0.00017006802721088434
CELL_003300,1,0.00017006802721088434
CELL_000366,1,0.00017006802721088434
CELL_003594,1,0.00017006802721088434
CELL_002038,1,0.00017006802721088434
CELL_004999,1,0.00017006802721088434
CELL_000773,1,0.00017006802721088434
CELL_001285,1,0.00017006802721088434
CELL_005402,1,0.00017006802721088434
CELL_005567,1,0.00017006802721088434
CELL_002588,1,0.00017006802721088434
CELL_005372,1,0.00017006802721088434
CELL_004072,1,0.00017006802721088434
CELL_002416,1,0.00017006802721088434
CELL_005469,1,0.00017006802721088434
CELL_004967,1,0.00017006802721088434
CELL_002186,1,0.00017006802721088434
CELL_003839,1,0.00017006802721088434
CELL_002568,1,0.00017006802721088434
CELL_003424,1,0.00017006802721088434
CELL_005292,1,0.00017006802721088434
CELL_002511,1,0.00017006802721088434
CELL_005518,1,0.00017006802721088434
CELL_004474,1,0.00017006802721088434
CELL_005755,1,0.00017006802721088434
CELL_000360,1,0.00017006802721088434
CELL_001247,1,0.00017006802721088434
CELL_003409,1,0.00017006802721088434
CELL_002248,1,0.00017006802721088434
CELL_003899,1,0.00017006802721088434
CELL_005366,1,0.00017006802721088434
CELL_005405,1,0.00017006802721088434
CELL_000759,1,0.00017006802721088434
CELL_005142,1,0.00017006802721088434
CELL_003356,1,0.00017006802721088434
CELL_003959,1,0.00017006802721088434
CELL_004666,1,0.00017006802721088434
CELL_002629,1,0.00017006802721088434
CELL_003606,1,0.00017006802721088434
CELL_003626,1,0.00017006802721088434
CELL_000856,1,0.00017006802721088434
CELL_003004,1,0.00017006802721088434
CELL_000079,1,0.00017006802721088434
CELL_002993,1,0.00017006802721088434
CELL_000087,1,0.00017006802721088434
CELL_003272,1,0.00017006802721088434
CELL_000845,1,0.00017006802721088434
CELL_001032,1,0.00017006802721088434
CELL_003571,1,0.00017006802721088434
CELL_005060,1,0.00017006802721088434
CELL_003733,1,0.00017006802721088434
CELL_002988,1,0.00017006802721088434
CELL_000232,1,0.00017006802721088434
CELL_005005,1,0.00017006802721088434
CELL_000148,1,0.00017006802721088434
CELL_005164,1,0.00017006802721088434
CELL_003089,1,0.00017006802721088434
CELL_003879,1,0.00017006802721088434
CELL_000408,1,0.00017006802721088434
CELL_002091,1,0.00017006802721088434
CELL_003814,1,0.00017006802721088434
CELL_003681,1,0.00017006802721088434
CELL_005629,1,0.00017006802721088434
CELL_001588,1,0.00017006802721088434
CELL_005416,1,0.00017006802721088434
CELL_001732,1,0.00017006802721088434
CELL_005600,1,0.00017006802721088434
CELL_004582,1,0.00017006802721088434
CELL_005381,1,0.00017006802721088434
CELL_002069,1,0.00017006802721088434
CELL_003820,1,0.00017006802721088434
CELL_003494,1,0.00017006802721088434
CELL_001949,1,0.00017006802721088434
CELL_001460,1,0.00017006802721088434
CELL_001769,1,0.00017006802721088434
CELL_003299,1,0.00017006802721088434
CELL_000425,1,0.00017006802721088434
CELL_000393,1,0.00017006802721088434
CELL_004387,1,0.00017006802721088434
CELL_005554,1,0.00017006802721088434
CELL_002240,1,0.00017006802721088434
CELL_000105,1,0.00017006802721088434
CELL_002673,1,0.00017006802721088434
CELL_005096,1,0.00017006802721088434
CELL_002280,1,0.00017006802721088434
CELL_003530,1,0.00017006802721088434
CELL_004162,1,0.00017006802721088434
CELL_004882,1,0.00017006802721088434
CELL_004682,1,0.00017006802721088434
CELL_004399,1,0.00017006802721088434
CELL_003609,1,0.00017006802721088434
CELL_002177,1,0.00017006802721088434
CELL_001912,1,0.00017006802721088434
CELL_002698,1,0.00017006802721088434
CELL_003858,1,0.00017006802721088434
CELL_000742,1,0.00017006802721088434
CELL_002294,1,0.00017006802721088434
CELL_002453,1,0.00017006802721088434
CELL_003559,1,0.00017006802721088434
CELL_004803,1,0.00017006802721088434
CELL_002541,1,0.00017006802721088434
CELL_005828,1,0.00017006802721088434
CELL_004014,1,0.00017006802721088434
CELL_002261,1,0.00017006802721088434
CELL_003085,1,0.00017006802721088434
CELL_002113,1,0.00017006802721088434
CELL_000901,1,0.00017006802721088434
CELL_001447,1,0.00017006802721088434
CELL_004573,1,0.00017006802721088434
CELL_000465,1,0.00017006802721088434
CELL_003651,1,0.00017006802721088434
CELL_005082,1,0.00017006802721088434
CELL_000173,1,0.00017006802721088434
CELL_002021,1,0.00017006802721088434
CELL_005637,1,0.00017006802721088434
CELL_005235,1,0.00017006802721088434
CELL_000183,1,0.00017006802721088434
CELL_001792,1,0.00017006802721088434
CELL_002356,1,0.00017006802721088434
CELL_001941,1,0.00017006802721088434
CELL_000703,1,0.00017006802721088434
CELL_002443,1,0.00017006802721088434
CELL_003826,1,0.00017006802721088434
CELL_000497,1,0.00017006802721088434
CELL_001404,1,0.00017006802721088434
CELL_001383,1,0.00017006802721088434
CELL_002149,1,0.00017006802721088434
CELL_004948,1,0.00017006802721088434
CELL_001576,1,0.00017006802721088434
CELL_001639,1,0.00017006802721088434
CELL_001796,1,0.00017006802721088434
CELL_003332,1,0.00017006802721088434
CELL_003135,1,0.00017006802721088434
CELL_005717,1,0.00017006802721088434
CELL_000422,1,0.00017006802721088434
CELL_000124,1,0.00017006802721088434
CELL_004885,1,0.00017006802721088434
CELL_003568,1,0.00017006802721088434
CELL_003995,1,0.00017006802721088434
CELL_000820,1,0.00017006802721088434
CELL_005062,1,0.00017006802721088434
CELL_002203,1,0.00017006802721088434
CELL_002567,1,0.00017006802721088434
CELL_003640,1,0.00017006802721088434
CELL_002045,1,0.00017006802721088434
CELL_000768,1,0.00017006802721088434
CELL_005730,1,0.00017006802721088434
CELL_001509,1,0.00017006802721088434
CELL_001207,1,0.00017006802721088434
CELL_000510,1,0.00017006802721088434
CELL_004877,1,0.00017006802721088434
CELL_005837,1,0.00017006802721088434
CELL_005010,1,0.00017006802721088434
CELL_005323,1,0.00017006802721088434
CELL_001550,1,0.00017006802721088434
CELL_003030,1,0.00017006802721088434
CELL_001954,1,0.00017006802721088434
CELL_003539,1,0.00017006802721088434
CELL_003738,1,0.00017006802721088434
CELL_003059,1,0.00017006802721088434
CELL_005694,1,0.00017006802721088434
CELL_004404,1,0.00017006802721088434
CELL_002711,1,0.00017006802721088434
CELL_001084,1,0.00017006802721088434
CELL_001080,1,0.00017006802721088434
CELL_001951,1,0.00017006802721088434
CELL_005059,1,0.00017006802721088434
CELL_000690,1,0.00017006802721088434
CELL_002430,1,0.00017006802721088434
CELL_000642,1,0.00017006802721088434
CELL_002393,1,0.00017006802721088434
CELL_002826,1,0.00017006802721088434
CELL_005814,1,0.00017006802721088434
CELL_001353,1,0.00017006802721088434
CELL_005403,1,0.00017006802721088434
CELL_005346,1,0.00017006802721088434
CELL_002131,1,0.00017006802721088434
CELL_000983,1,0.00017006802721088434
CELL_000457,1,0.00017006802721088434
CELL_001487,1,0.00017006802721088434
CELL_005657,1,0.00017006802721088434
CELL_005693,1,0.00017006802721088434
CELL_000400,1,0.00017006802721088434
CELL_003152,1,0.00017006802721088434
CELL_002311,1,0.00017006802721088434
CELL_000883,1,0.00017006802721088434
CELL_003566,1,0.00017006802721088434
CELL_005845,1,0.00017006802721088434
CELL_003464,1,0.00017006802721088434
CELL_002530,1,0.00017006802721088434
CELL_003968,1,0.00017006802721088434
CELL_001677,1,0.00017006802721088434
CELL_001049,1,0.00017006802721088434
CELL_002950,1,0.00017006802721088434
CELL_001961,1,0.00017006802721088434
CELL_002531,1,0.00017006802721088434
CELL_001980,1,0.00017006802721088434
CELL_003245,1,0.00017006802721088434
CELL_003823,1,0.00017006802721088434
CELL_003151,1,0.00017006802721088434
CELL_004806,1,0.00017006802721088434
CELL_003952,1,0.00017006802721088434
CELL_004275,1,0.00017006802721088434
CELL_002965,1,0.00017006802721088434
CELL_003037,1,0.00017006802721088434
CELL_003937,1,0.00017006802721088434
CELL_003604,1,0.00017006802721088434
CELL_000846,1,0.00017006802721088434
CELL_000543,1,0.00017006802721088434
CELL_000092,1,0.00017006802721088434
CELL_005530,1,0.00017006802721088434
CELL_004064,1,0.00017006802721088434
CELL_005415,1,0.00017006802721088434
CELL_005602,1,0.00017006802721088434
CELL_004731,1,0.00017006802721088434
CELL_001885,1,0.00017006802721088434
CELL_004422,1,0.00017006802721088434
CELL_000390,1,0.00017006802721088434
CELL_002495,1,0.00017006802721088434
CELL_001852,1,0.00017006802721088434
CELL_002907,1,0.00017006802721088434
CELL_004619,1,0.00017006802721088434
CELL_001429,1,0.00017006802721088434
CELL_000399,1,0.00017006802721088434
CELL_003809,1,0.00017006802721088434
CELL_004909,1,0.00017006802721088434
CELL_000948,1,0.00017006802721088434
CELL_003079,1,0.00017006802721088434
CELL_004240,1,0.00017006802721088434
CELL_000266,1,0.00017006802721088434
CELL_002002,1,0.00017006802721088434
CELL_001812,1,0.00017006802721088434
CELL_003278,1,0.00017006802721088434
CELL_005685,1,0.00017006802721088434
CELL_002979,1,0.00017006802721088434
CELL_004175,1,0.00017006802721088434
CELL_001806,1,0.00017006802721088434
CELL_004864,1,0.00017006802721088434
CELL_000164,1,0.00017006802721088434
CELL_004438,1,0.00017006802721088434
CELL_005592,1,0.00017006802721088434
CELL_005671,1,0.00017006802721088434
CELL_004341,1,0.00017006802721088434
CELL_004410,1,0.00017006802721088434
CELL_004991,1,0.00017006802721088434
CELL_004809,1,0.00017006802721088434
CELL_003785,1,0.00017006802721088434
CELL_000238,1,0.00017006802721088434
CELL_004035,1,0.00017006802721088434
CELL_004435,1,0.00017006802721088434
CELL_001134,1,0.00017006802721088434
CELL_002881,1,0.00017006802721088434
CELL_003538,1,0.00017006802721088434
CELL_005359,1,0.00017006802721088434
CELL_001690,1,0.00017006802721088434
CELL_003479,1,0.00017006802721088434
CELL_001726,1,0.00017006802721088434
CELL_001204,1,0.00017006802721088434
CELL_000835,1,0.00017006802721088434
CELL_001867,1,0.00017006802721088434
CELL_003173,1,0.00017006802721088434
CELL_001340,1,0.00017006802721088434
CELL_003782,1,0.00017006802721088434
CELL_004351,1,0.00017006802721088434
CELL_000406,1,0.00017006802721088434
CELL_001443,1,0.00017006802721088434
CELL_000262,1,0.00017006802721088434
CELL_004527,1,0.00017006802721088434
CELL_000594,1,0.00017006802721088434
CELL_002726,1,0.00017006802721088434
CELL_000042,1,0.00017006802721088434
CELL_000561,1,0.00017006802721088434
CELL_004739,1,0.00017006802721088434
CELL_005610,1,0.00017006802721088434
CELL_000490,1,0.00017006802721088434
CELL_000244,1,0.00017006802721088434
CELL_003139,1,0.00017006802721088434
CELL_005243,1,0.00017006802721088434
CELL_004829,1,0.00017006802721088434
CELL_005463,1,0.00017006802721088434
CELL_005049,1,0.00017006802721088434
CELL_003230,1,0.00017006802721088434
CELL_003838,1,0.00017006802721088434
CELL_001453,1,0.00017006802721088434
CELL_002454,1,0.00017006802721088434
CELL_005379,1,0.00017006802721088434
CELL_004649,1,0.00017006802721088434
CELL_004763,1,0.00017006802721088434
CELL_003705,1,0.00017006802721088434
CELL_005500,1,0.00017006802721088434
CELL_000364,1,0.00017006802721088434
CELL_001272,1,0.00017006802721088434
CELL_004380,1,0.00017006802721088434
CELL_005218,1,0.00017006802721088434
CELL_005450,1,0.00017006802721088434
CELL_005533,1,0.00017006802721088434
CELL_000800,1,0.00017006802721088434
CELL_001767,1,0.00017006802721088434
CELL_005776,1,0.00017006802721088434
CELL_003026,1,0.00017006802721088434
CELL_002797,1,0.00017006802721088434
CELL_004757,1,0.00017006802721088434
CELL_005519,1,0.00017006802721088434
CELL_000481,1,0.00017006802721088434
CELL_005808,1,0.00017006802721088434
CELL_002786,1,0.00017006802721088434
CELL_001524,1,0.00017006802721088434
CELL_003622,1,0.00017006802721088434
CELL_002497,1,0.00017006802721088434
CELL_003017,1,0.00017006802721088434
CELL_004779,1,0.00017006802721088434
CELL_002011,1,0.00017006802721088434
CELL_005599,1,0.00017006802721088434
CELL_000341,1,0.00017006802721088434
CELL_004075,1,0.00017006802721088434
CELL_001602,1,0.00017006802721088434
CELL_005798,1,0.00017006802721088434
CELL_004316,1,0.00017006802721088434
CELL_004164,1,0.00017006802721088434
CELL_002335,1,0.00017006802721088434
CELL_003549,1,0.00017006802721088434
CELL_004504,1,0.00017006802721088434
CELL_002501,1,0.00017006802721088434
CELL_003620,1,0.00017006802721088434
CELL_003084,1,0.00017006802721088434
CELL_005414,1,0.00017006802721088434
CELL_002103,1,0.00017006802721088434
CELL_000633,1,0.00017006802721088434
CELL_003938,1,0.00017006802721088434
CELL_002494,1,0.00017006802721088434
CELL_002666,1,0.00017006802721088434
CELL_004252,1,0.00017006802721088434
CELL_003614,1,0.00017006802721088434
CELL_005429,1,0.00017006802721088434
CELL_002563,1,0.00017006802721088434
CELL_003028,1,0.00017006802721088434
CELL_004094,1,0.00017006802721088434
CELL_005388,1,0.00017006802721088434
CELL_001424,1,0.00017006802721088434
CELL_000657,1,0.00017006802721088434
CELL_002004,1,0.00017006802721088434
CELL_005289,1,0.00017006802721088434
CELL_004160,1,0.00017006802721088434
CELL_005581,1,0.00017006802721088434
CELL_004863,1,0.00017006802721088434
CELL_000348,1,0.00017006802721088434
CELL_004041,1,0.00017006802721088434
CELL_004702,1,0.00017006802721088434
CELL_000160,1,0.00017006802721088434
CELL_003947,1,0.00017006802721088434
CELL_002476,1,0.00017006802721088434
CELL_002565,1,0.00017006802721088434
CELL_004208,1,0.00017006802721088434
CELL_004953,1,0.00017006802721088434
CELL_005102,1,0.00017006802721088434
CELL_002609,1,0.00017006802721088434
CELL_004792,1,0.00017006802721088434
CELL_003062,1,0.00017006802721088434
CELL_005027,1,0.00017006802721088434
CELL_005815,1,0.00017006802721088434
CELL_001736,1,0.00017006802721088434
CELL_005295,1,0.00017006802721088434
CELL_002824,1,0.00017006802721088434
CELL_002197,1,0.00017006802721088434
CELL_002662,1,0.00017006802721088434
CELL_002818,1,0.00017006802721088434
CELL_003909,1,0.00017006802721088434
CELL_005369,1,0.00017006802721088434
CELL_001154,1,0.00017006802721088434
CELL_004670,1,0.00017006802721088434
CELL_005224,1,0.00017006802721088434
CELL_000058,1,0.00017006802721088434
CELL_001466,1,0.00017006802721088434
CELL_003857,1,0.00017006802721088434
CELL_004754,1,0.00017006802721088434
CELL_000116,1,0.00017006802721088434
CELL_001822,1,0.00017006802721088434
CELL_001495,1,0.00017006802721088434
CELL_002402,1,0.00017006802721088434
CELL_001233,1,0.00017006802721088434
CELL_005263,1,0.00017006802721088434
CELL_005606,1,0.00017006802721088434
CELL_003352,1,0.00017006802721088434
CELL_000999,1,0.00017006802721088434
CELL_004374,1,0.00017006802721088434
CELL_003825,1,0.00017006802721088434
CELL_003875,1,0.00017006802721088434
CELL_002685,1,0.00017006802721088434
CELL_002669,1,0.00017006802721088434
CELL_001191,1,0.00017006802721088434
CELL_004230,1,0.00017006802721088434
CELL_002602,1,0.00017006802721088434
CELL_001126,1,0.00017006802721088434
CELL_001242,1,0.00017006802721088434
CELL_003881,1,0.00017006802721088434
CELL_005268,1,0.00017006802721088434
CELL_000073,1,0.00017006802721088434
CELL_001923,1,0.00017006802721088434
CELL_003870,1,0.00017006802721088434
CELL_005666,1,0.00017006802721088434
CELL_001765,1,0.00017006802721088434
CELL_000744,1,0.00017006802721088434
CELL_003915,1,0.00017006802721088434
CELL_001006,1,0.00017006802721088434
CELL_004546,1,0.00017006802721088434
CELL_000708,1,0.00017006802721088434
CELL_003047,1,0.00017006802721088434
CELL_005018,1,0.00017006802721088434
CELL_001094,1,0.00017006802721088434
CELL_004529,1,0.00017006802721088434
CELL_001377,1,0.00017006802721088434
CELL_005778,1,0.00017006802721088434
CELL_004656,1,0.00017006802721088434
CELL_004600,1,0.00017006802721088434
CELL_000631,1,0.00017006802721088434
CELL_000673,1,0.00017006802721088434
CELL_001250,1,0.00017006802721088434
CELL_003927,1,0.00017006802721088434
CELL_000483,1,0.00017006802721088434
CELL_001585,1,0.00017006802721088434
CELL_001547,1,0.00017006802721088434
CELL_003232,1,0.00017006802721088434
CELL_004403,1,0.00017006802721088434
CELL_004467,1,0.00017006802721088434
CELL_004484,1,0.00017006802721088434
CELL_004031,1,0.00017006802721088434
CELL_002853,1,0.00017006802721088434
CELL_003504,1,0.00017006802721088434
CELL_004532,1,0.00017006802721088434
CELL_004857,1,0.00017006802721088434
CELL_000441,1,0.00017006802721088434
CELL_005821,1,0.00017006802721088434
CELL_001101,1,0.00017006802721088434
CELL_002638,1,0.00017006802721088434
CELL_005503,1,0.00017006802721088434
CELL_000650,1,0.00017006802721088434
CELL_005427,1,0.00017006802721088434
CELL_001578,1,0.00017006802721088434
CELL_003730,1,0.00017006802721088434
CELL_003669,1,0.00017006802721088434
CELL_005630,1,0.00017006802721088434
CELL_001827,1,0.00017006802721088434
CELL_001344,1,0.00017006802721088434
CELL_005864,1,0.00017006802721088434
CELL_005731,1,0.00017006802721088434
CELL_001661,1,0.00017006802721088434
CELL_001657,1,0.00017006802721088434
CELL_002426,1,0.00017006802721088434
CELL_004459,1,0.00017006802721088434
CELL_004958,1,0.00017006802721088434
CELL_005846,1,0.00017006802721088434
CELL_004317,1,0.00017006802721088434
CELL_005028,1,0.00017006802721088434
CELL_004220,1,0.00017006802721088434
CELL_000859,1,0.00017006802721088434
CELL_003226,1,0.00017006802721088434
CELL_001073,1,0.00017006802721088434
CELL_000720,1,0.00017006802721088434
CELL_002200,1,0.00017006802721088434
CELL_002632,1,0.00017006802721088434
CELL_005853,1,0.00017006802721088434
CELL_003274,1,0.00017006802721088434
CELL_003239,1,0.00017006802721088434
CELL_003132,1,0.00017006802721088434
CELL_003684,1,0.00017006802721088434
CELL_002579,1,0.00017006802721088434
CELL_004639,1,0.00017006802721088434
CELL_000050,1,0.00017006802721088434
CELL_004148,1,0.00017006802721088434
CELL_005433,1,0.00017006802721088434
CELL_004119,1,0.00017006802721088434
CELL_001463,1,0.00017006802721088434
CELL_003041,1,0.00017006802721088434
CELL_004383,1,0.00017006802721088434
CELL_004718,1,0.00017006802721088434
CELL_004521,1,0.00017006802721088434
CELL_003007,1,0.00017006802721088434
CELL_003655,1,0.00017006802721088434
CELL_002207,1,0.00017006802721088434
CELL_004241,1,0.00017006802721088434
CELL_005035,1,0.00017006802721088434
CELL_003658,1,0.00017006802721088434
CELL_003180,1,0.00017006802721088434
CELL_003423,1,0.00017006802721088434
CELL_001476,1,0.00017006802721088434
CELL_004258,1,0.00017006802721088434
CELL_000036,1,0.00017006802721088434
CELL_004772,1,0.00017006802721088434
CELL_002346,1,0.00017006802721088434
CELL_000445,1,0.00017006802721088434
CELL_003313,1,0.00017006802721088434
CELL_002360,1,0.00017006802721088434
CELL_002607,1,0.00017006802721088434
CELL_001386,1,0.00017006802721088434
CELL_004662,1,0.00017006802721088434
CELL_001400,1,0.00017006802721088434
CELL_001196,1,0.00017006802721088434
CELL_001409,1,0.00017006802721088434
CELL_001846,1,0.00017006802721088434
CELL_001799,1,0.00017006802721088434
CELL_003098,1,0.00017006802721088434
CELL_005262,1,0.00017006802721088434
CELL_005760,1,0.00017006802721088434
CELL_005585,1,0.00017006802721088434
CELL_003190,1,0.00017006802721088434
CELL_002935,1,0.00017006802721088434
CELL_004846,1,0.00017006802721088434
CELL_005325,1,0.00017006802721088434
CELL_001917,1,0.00017006802721088434
CELL_001358,1,0.00017006802721088434
CELL_001826,1,0.00017006802721088434
CELL_000787,1,0.00017006802721088434
CELL_000470,1,0.00017006802721088434
CELL_000141,1,0.00017006802721088434
CELL_000789,1,0.00017006802721088434
CELL_000324,1,0.00017006802721088434
CELL_002799,1,0.00017006802721088434
CELL_001693,1,0.00017006802721088434
CELL_004337,1,0.00017006802721088434
CELL_004685,1,0.00017006802721088434
CELL_003636,1,0.00017006802721088434
CELL_000373,1,0.00017006802721088434
CELL_003056,1,0.00017006802721088434
CELL_005773,1,0.00017006802721088434
CELL_001682,1,0.00017006802721088434
CELL_004768,1,0.00017006802721088434
CELL_001444,1,0.00017006802721088434
CELL_004274,1,0.00017006802721088434
CELL_003216,1,0.00017006802721088434
CELL_001672,1,0.00017006802721088434
CELL_004017,1,0.00017006802721088434
CELL_001180,1,0.00017006802721088434
CELL_001287,1,0.00017006802721088434
CELL_004358,1,0.00017006802721088434
CELL_000350,1,0.00017006802721088434
CELL_003417,1,0.00017006802721088434
CELL_002138,1,0.00017006802721088434
CELL_002692,1,0.00017006802721088434
CELL_005514,1,0.00017006802721088434
CELL_005210,1,0.00017006802721088434
CELL_002831,1,0.00017006802721088434
CELL_004318,1,0.00017006802721088434
CELL_003372,1,0.00017006802721088434
CELL_003023,1,0.00017006802721088434
CELL_003365,1,0.00017006802721088434
CELL_000304,1,0.00017006802721088434
CELL_005302,1,0.00017006802721088434
CELL_000012,1,0.00017006802721088434
CELL_000891,1,0.00017006802721088434
CELL_002412,1,0.00017006802721088434
CELL_002546,1,0.00017006802721088434
CELL_003886,1,0.00017006802721088434
CELL_001350,1,0.00017006802721088434
CELL_002391,1,0.00017006802721088434
CELL_004726,1,0.00017006802721088434
CELL_000043,1,0.00017006802721088434
CELL_005191,1,0.00017006802721088434
CELL_005833,1,0.00017006802721088434
CELL_004104,1,0.00017006802721088434
CELL_002667,1,0.00017006802721088434
CELL_000407,1,0.00017006802721088434
CELL_000021,1,0.00017006802721088434
CELL_001005,1,0.00017006802721088434
CELL_004099,1,0.00017006802721088434
CELL_005480,1,0.00017006802721088434
CELL_000051,1,0.00017006802721088434
CELL_000715,1,0.00017006802721088434
CELL_005276,1,0.00017006802721088434
CELL_002841,1,0.00017006802721088434
CELL_002447,1,0.00017006802721088434
CELL_005655,1,0.00017006802721088434
CELL_003189,1,0.00017006802721088434
CELL_002339,1,0.00017006802721088434
CELL_004145,1,0.00017006802721088434
CELL_000736,1,0.00017006802721088434
CELL_000305,1,0.00017006802721088434
CELL_001441,1,0.00017006802721088434
CELL_001497,1,0.00017006802721088434
CELL_002653,1,0.00017006802721088434
CELL_002876,1,0.00017006802721088434
CELL_003022,1,0.00017006802721088434
CELL_003694,1,0.00017006802721088434
CELL_003016,1,0.00017006802721088434
CELL_005742,1,0.00017006802721088434
CELL_003339,1,0.00017006802721088434
CELL_002010,1,0.00017006802721088434
CELL_002150,1,0.00017006802721088434
CELL_001964,1,0.00017006802721088434
CELL_002376,1,0.00017006802721088434
CELL_003866,1,0.00017006802721088434
CELL_002133,1,0.00017006802721088434
CELL_001027,1,0.00017006802721088434
CELL_003849,1,0.00017006802721088434
CELL_002990,1,0.00017006802721088434
CELL_000962,1,0.00017006802721088434
CELL_002890,1,0.00017006802721088434
CELL_000665,1,0.00017006802721088434
CELL_001178,1,0.00017006802721088434
CELL_003293,1,0.00017006802721088434
CELL_002677,1,0.00017006802721088434
CELL_001948,1,0.00017006802721088434
CELL_002502,1,0.00017006802721088434
CELL_001474,1,0.00017006802721088434
CELL_002864,1,0.00017006802721088434
CELL_001668,1,0.00017006802721088434
CELL_000494,1,0.00017006802721088434
CELL_003174,1,0.00017006802721088434
CELL_005020,1,0.00017006802721088434
CELL_004471,1,0.00017006802721088434
CELL_001348,1,0.00017006802721088434
CELL_003019,1,0.00017006802721088434
CELL_004592,1,0.00017006802721088434
CELL_003351,1,0.00017006802721088434
CELL_001001,1,0.00017006802721088434
CELL_005376,1,0.00017006802721088434
CELL_004918,1,0.00017006802721088434
CELL_004372,1,0.00017006802721088434
CELL_003526,1,0.00017006802721088434
CELL_000019,1,0.00017006802721088434
CELL_001638,1,0.00017006802721088434
CELL_001625,1,0.00017006802721088434
CELL_004664,1,0.00017006802721088434
CELL_000822,1,0.00017006802721088434
CELL_001368,1,0.00017006802721088434
CELL_003713,1,0.00017006802721088434
CELL_001355,1,0.00017006802721088434
CELL_005285,1,0.00017006802721088434
CELL_000851,1,0.00017006802721088434
CELL_003987,1,0.00017006802721088434
CELL_000917,1,0.00017006802721088434
CELL_004906,1,0.00017006802721088434
CELL_000711,1,0.00017006802721088434
CELL_005431,1,0.00017006802721088434
CELL_005181,1,0.00017006802721088434
CELL_004595,1,0.00017006802721088434
CELL_002773,1,0.00017006802721088434
CELL_001311,1,0.00017006802721088434
CELL_003219,1,0.00017006802721088434
CELL_004817,1,0.00017006802721088434
CELL_004285,1,0.00017006802721088434
CELL_001988,1,0.00017006802721088434
CELL_005119,1,0.00017006802721088434
CELL_000345,1,0.00017006802721088434
CELL_005584,1,0.00017006802721088434
CELL_005712,1,0.00017006802721088434
CELL_003674,1,0.00017006802721088434
CELL_002409,1,0.00017006802721088434
CELL_001093,1,0.00017006802721088434
CELL_001328,1,0.00017006802721088434
CELL_005476,1,0.00017006802721088434
CELL_001678,1,0.00017006802721088434
CELL_002000,1,0.00017006802721088434
CELL_003233,1,0.00017006802721088434
CELL_001609,1,0.00017006802721088434
CELL_004807,1,0.00017006802721088434
CELL_004038,1,0.00017006802721088434
CELL_000704,1,0.00017006802721088434
CELL_001010,1,0.00017006802721088434
CELL_004690,1,0.00017006802721088434
CELL_003292,1,0.00017006802721088434
CELL_003231,1,0.00017006802721088434
CELL_002637,1,0.00017006802721088434
CELL_004542,1,0.00017006802721088434
CELL_004517,1,0.00017006802721088434
CELL_002829,1,0.00017006802721088434
CELL_000688,1,0.00017006802721088434
CELL_001113,1,0.00017006802721088434
CELL_003753,1,0.00017006802721088434
CELL_003250,1,0.00017006802721088434
CELL_001209,1,0.00017006802721088434
CELL_003869,1,0.00017006802721088434
CELL_004066,1,0.00017006802721088434
CELL_005032,1,0.00017006802721088434
CELL_001240,1,0.00017006802721088434
CELL_002290,1,0.00017006802721088434
CELL_002741,1,0.00017006802721088434
CELL_000129,1,0.00017006802721088434
CELL_001365,1,0.00017006802721088434
CELL_004522,1,0.00017006802721088434
CELL_000892,1,0.00017006802721088434
CELL_002794,1,0.00017006802721088434
CELL_004937,1,0.00017006802721088434
CELL_005603,1,0.00017006802721088434
CELL_005044,1,0.00017006802721088434
CELL_004050,1,0.00017006802721088434
CELL_003486,1,0.00017006802721088434
CELL_002475,1,0.00017006802721088434
CELL_003874,1,0.00017006802721088434
CELL_001199,1,0.00017006802721088434
CELL_001519,1,0.00017006802721088434
CELL_001800,1,0.00017006802721088434
CELL_001015,1,0.00017006802721088434
CELL_000987,1,0.00017006802721088434
CELL_000588,1,0.00017006802721088434
CELL_005332,1,0.00017006802721088434
CELL_002792,1,0.00017006802721088434
CELL_005758,1,0.00017006802721088434
CELL_005471,1,0.00017006802721088434
CELL_004373,1,0.00017006802721088434
CELL_004173,1,0.00017006802721088434
CELL_003569,1,0.00017006802721088434
CELL_002353,1,0.00017006802721088434
CELL_002213,1,0.00017006802721088434
CELL_005844,1,0.00017006802721088434
CELL_003179,1,0.00017006802721088434
CELL_003193,1,0.00017006802721088434
CELL_001308,1,0.00017006802721088434
CELL_000576,1,0.00017006802721088434
CELL_001275,1,0.00017006802721088434
CELL_000620,1,0.00017006802721088434
CELL_004268,1,0.00017006802721088434
CELL_001743,1,0.00017006802721088434
CELL_001391,1,0.00017006802721088434
CELL_004788,1,0.00017006802721088434
CELL_001580,1,0.00017006802721088434
CELL_001656,1,0.00017006802721088434
CELL_000282,1,0.00017006802721088434
CELL_001044,1,0.00017006802721088434
CELL_001317,1,0.00017006802721088434
CELL_000969,1,0.00017006802721088434
CELL_002382,1,0.00017006802721088434
CELL_004696,1,0.00017006802721088434
CELL_001940,1,0.00017006802721088434
CELL_004214,1,0.00017006802721088434
CELL_000276,1,0.00017006802721088434
CELL_001036,1,0.00017006802721088434
CELL_001230,1,0.00017006802721088434
CELL_001009,1,0.00017006802721088434
CELL_003829,1,0.00017006802721088434
CELL_002533,1,0.00017006802721088434
CELL_001059,1,0.00017006802721088434
CELL_005467,1,0.00017006802721088434
CELL_005770,1,0.00017006802721088434
CELL_000014,1,0.00017006802721088434
CELL_005045,1,0.00017006802721088434
CELL_001526,1,0.00017006802721088434
CELL_002366,1,0.00017006802721088434
CELL_003053,1,0.00017006802721088434
CELL_004006,1,0.00017006802721088434
CELL_002341,1,0.00017006802721088434
CELL_000028,1,0.00017006802721088434
CELL_002041,1,0.00017006802721088434
CELL_003929,1,0.00017006802721088434
CELL_005313,1,0.00017006802721088434
CELL_003217,1,0.00017006802721088434
CELL_003815,1,0.00017006802721088434
CELL_000130,1,0.00017006802721088434
CELL_004360,1,0.00017006802721088434
CELL_004357,1,0.00017006802721088434
CELL_003082,1,0.00017006802721088434
CELL_003467,1,0.00017006802721088434
CELL_005131,1,0.00017006802721088434
CELL_004024,1,0.00017006802721088434
CELL_002047,1,0.00017006802721088434
CELL_004620,1,0.00017006802721088434
CELL_002114,1,0.00017006802721088434
CELL_002361,1,0.00017006802721088434
CELL_001281,1,0.00017006802721088434
CELL_005175,1,0.00017006802721088434
CELL_004867,1,0.00017006802721088434
CELL_001994,1,0.00017006802721088434
CELL_002640,1,0.00017006802721088434
CELL_000270,1,0.00017006802721088434
CELL_000630,1,0.00017006802721088434
CELL_004355,1,0.00017006802721088434
CELL_004703,1,0.00017006802721088434
CELL_005199,1,0.00017006802721088434
CELL_000404,1,0.00017006802721088434
CELL_002072,1,0.00017006802721088434
CELL_005589,1,0.00017006802721088434
CELL_001978,1,0.00017006802721088434
CELL_000159,1,0.00017006802721088434
CELL_002980,1,0.00017006802721088434
CELL_001442,1,0.00017006802721088434
CELL_004398,1,0.00017006802721088434
CELL_005732,1,0.00017006802721088434
CELL_003812,1,0.00017006802721088434
CELL_001274,1,0.00017006802721088434
CELL_001713,1,0.00017006802721088434
CELL_000956,1,0.00017006802721088434
CELL_004945,1,0.00017006802721088434
CELL_003624,1,0.00017006802721088434
CELL_000530,1,0.00017006802721088434
CELL_003715,1,0.00017006802721088434
CELL_001270,1,0.00017006802721088434
CELL_001395,1,0.00017006802721088434
CELL_004010,1,0.00017006802721088434
CELL_001798,1,0.00017006802721088434
CELL_000375,1,0.00017006802721088434
CELL_005252,1,0.00017006802721088434
CELL_005383,1,0.00017006802721088434
CELL_000940,1,0.00017006802721088434
CELL_005646,1,0.00017006802721088434
CELL_002148,1,0.00017006802721088434
CELL_003592,1,0.00017006802721088434
CELL_005334,1,0.00017006802721088434
CELL_005197,1,0.00017006802721088434
CELL_003596,1,0.00017006802721088434
CELL_002135,1,0.00017006802721088434
CELL_004110,1,0.00017006802721088434
CELL_000515,1,0.00017006802721088434
CELL_005257,1,0.00017006802721088434
CELL_000410,1,0.00017006802721088434
CELL_004388,1,0.00017006802721088434
CELL_003805,1,0.00017006802721088434
CELL_001928,1,0.00017006802721088434
CELL_003428,1,0.00017006802721088434
CELL_000750,1,0.00017006802721088434
CELL_003639,1,0.00017006802721088434
CELL_005543,1,0.00017006802721088434
CELL_001267,1,0.00017006802721088434
CELL_004462,1,0.00017006802721088434
CELL_000312,1,0.00017006802721088434
CELL_000662,1,0.00017006802721088434
CELL_001990,1,0.00017006802721088434
CELL_003666,1,0.00017006802721088434
CELL_000307,1,0.00017006802721088434
CELL_002336,1,0.00017006802721088434
CELL_002357,1,0.00017006802721088434
CELL_003703,1,0.00017006802721088434
CELL_003889,1,0.00017006802721088434
CELL_000903,1,0.00017006802721088434
CELL_000353,1,0.00017006802721088434
CELL_004131,1,0.00017006802721088434
CELL_000755,1,0.00017006802721088434
CELL_002972,1,0.00017006802721088434
CELL_005851,1,0.00017006802721088434
CELL_002921,1,0.00017006802721088434
CELL_004366,1,0.00017006802721088434
CELL_000106,1,0.00017006802721088434
CELL_003042,1,0.00017006802721088434
CELL_004239,1,0.00017006802721088434
CELL_002170,1,0.00017006802721088434
CELL_001710,1,0.00017006802721088434
CELL_000090,1,0.00017006802721088434
CELL_002242,1,0.00017006802721088434
CELL_002271,1,0.00017006802721088434
CELL_003145,1,0.00017006802721088434
CELL_005618,1,0.00017006802721088434
CELL_001926,1,0.00017006802721088434
CELL_000635,1,0.00017006802721088434
CELL_000317,1,0.00017006802721088434
CELL_005525,1,0.00017006802721088434
CELL_000428,1,0.00017006802721088434
CELL_005022,1,0.00017006802721088434
CELL_001108,1,0.00017006802721088434
CELL_004770,1,0.00017006802721088434
CELL_001714,1,0.00017006802721088434
CELL_003912,1,0.00017006802721088434
CELL_000716,1,0.00017006802721088434
CELL_000553,1,0.00017006802721088434
CELL_001440,1,0.00017006802721088434
CELL_005856,1,0.00017006802721088434
CELL_005811,1,0.00017006802721088434
CELL_005092,1,0.00017006802721088434
CELL_000208,1,0.00017006802721088434
CELL_000459,1,0.00017006802721088434
CELL_002055,1,0.00017006802721088434
CELL_002431,1,0.00017006802721088434
CELL_000251,1,0.00017006802721088434
CELL_004501,1,0.00017006802721088434
CELL_002014,1,0.00017006802721088434
CELL_000274,1,0.00017006802721088434
CELL_003861,1,0.00017006802721088434
CELL_004168,1,0.00017006802721088434
CELL_004697,1,0.00017006802721088434
CELL_003789,1,0.00017006802721088434
CELL_000395,1,0.00017006802721088434
CELL_000779,1,0.00017006802721088434
CELL_003497,1,0.00017006802721088434
CELL_004615,1,0.00017006802721088434
CELL_002044,1,0.00017006802721088434
CELL_005330,1,0.00017006802721088434
CELL_001568,1,0.00017006802721088434
CELL_000166,1,0.00017006802721088434
CELL_003567,1,0.00017006802721088434
CELL_002721,1,0.00017006802721088434
CELL_000592,1,0.00017006802721088434
CELL_004743,1,0.00017006802721088434
CELL_002937,1,0.00017006802721088434
CELL_002449,1,0.00017006802721088434
CELL_001577,1,0.00017006802721088434
CELL_004908,1,0.00017006802721088434
CELL_000214,1,0.00017006802721088434
CELL_003175,1,0.00017006802721088434
CELL_004391,1,0.00017006802721088434
CELL_001950,1,0.00017006802721088434
CELL_004045,1,0.00017006802721088434
CELL_002849,1,0.00017006802721088434
CELL_000002,1,0.00017006802721088434
CELL_000936,1,0.00017006802721088434
CELL_005036,1,0.00017006802721088434
CELL_003611,1,0.00017006802721088434
CELL_005615,1,0.00017006802721088434
CELL_001810,1,0.00017006802721088434
CELL_000792,1,0.00017006802721088434
CELL_000793,1,0.00017006802721088434
CELL_004833,1,0.00017006802721088434
CELL_001856,1,0.00017006802721088434
CELL_001981,1,0.00017006802721088434
CELL_003634,1,0.00017006802721088434
CELL_001051,1,0.00017006802721088434
CELL_000591,1,0.00017006802721088434
CELL_000520,1,0.00017006802721088434
CELL_003381,1,0.00017006802721088434
CELL_003677,1,0.00017006802721088434
CELL_004843,1,0.00017006802721088434
CELL_001608,1,0.00017006802721088434
CELL_003345,1,0.00017006802721088434
CELL_002254,1,0.00017006802721088434
CELL_003225,1,0.00017006802721088434
CELL_000527,1,0.00017006802721088434
CELL_002947,1,0.00017006802721088434
CELL_003900,1,0.00017006802721088434
CELL_000693,1,0.00017006802721088434
CELL_005562,1,0.00017006802721088434
CELL_000584,1,0.00017006802721088434
CELL_005861,1,0.00017006802721088434
CELL_005454,1,0.00017006802721088434
CELL_005628,1,0.00017006802721088434
CELL_000521,1,0.00017006802721088434
CELL_001764,1,0.00017006802721088434
CELL_001876,1,0.00017006802721088434
CELL_003966,1,0.00017006802721088434
CELL_000516,1,0.00017006802721088434
CELL_005425,1,0.00017006802721088434
CELL_001454,1,0.00017006802721088434
CELL_003554,1,0.00017006802721088434
CELL_003610,1,0.00017006802721088434
CELL_002507,1,0.00017006802721088434
CELL_002995,1,0.00017006802721088434
CELL_004000,1,0.00017006802721088434
CELL_003202,1,0.00017006802721088434
CELL_004747,1,0.00017006802721088434
CELL_001099,1,0.00017006802721088434
CELL_004884,1,0.00017006802721088434
CELL_002845,1,0.00017006802721088434
CELL_000887,1,0.00017006802721088434
CELL_005799,1,0.00017006802721088434
CELL_004561,1,0.00017006802721088434
CELL_000989,1,0.00017006802721088434
CELL_004537,1,0.00017006802721088434
CELL_003454,1,0.00017006802721088434
CELL_005368,1,0.00017006802721088434
CELL_003779,1,0.00017006802721088434
CELL_004933,1,0.00017006802721088434
CELL_003094,1,0.00017006802721088434
CELL_003156,1,0.00017006802721088434
CELL_003234,1,0.00017006802721088434
CELL_003599,1,0.00017006802721088434
CELL_000934,1,0.00017006802721088434
CELL_003964,1,0.00017006802721088434
CELL_005462,1,0.00017006802721088434
CELL_004180,1,0.00017006802721088434
CELL_004027,1,0.00017006802721088434
CELL_004117,1,0.00017006802721088434
CELL_003903,1,0.00017006802721088434
CELL_001248,1,0.00017006802721088434
CELL_003527,1,0.00017006802721088434
CELL_002515,1,0.00017006802721088434
CELL_001008,1,0.00017006802721088434
CELL_002065,1,0.00017006802721088434
CELL_004646,1,0.00017006802721088434
CELL_001691,1,0.00017006802721088434
CELL_001266,1,0.00017006802721088434
CELL_005086,1,0.00017006802721088434
CELL_000278,1,0.00017006802721088434
CELL_002085,1,0.00017006802721088434
CELL_001246,1,0.00017006802721088434
CELL_002383,1,0.00017006802721088434
CELL_000572,1,0.00017006802721088434
CELL_001436,1,0.00017006802721088434
CELL_000687,1,0.00017006802721088434
CELL_002354,1,0.00017006802721088434
CELL_004733,1,0.00017006802721088434
CELL_000022,1,0.00017006802721088434
CELL_002753,1,0.00017006802721088434
CELL_000886,1,0.00017006802721088434
CELL_000918,1,0.00017006802721088434
CELL_001041,1,0.00017006802721088434
CELL_005707,1,0.00017006802721088434
CELL_000907,1,0.00017006802721088434
CELL_000029,1,0.00017006802721088434
CELL_002508,1,0.00017006802721088434
CELL_002429,1,0.00017006802721088434
CELL_000763,1,0.00017006802721088434
CELL_003748,1,0.00017006802721088434
CELL_000285,1,0.00017006802721088434
CELL_002140,1,0.00017006802721088434
CELL_003240,1,0.00017006802721088434
CELL_002384,1,0.00017006802721088434
CELL_004312,1,0.00017006802721088434
CELL_001286,1,0.00017006802721088434
CELL_005008,1,0.00017006802721088434
CELL_005253,1,0.00017006802721088434
CELL_003931,1,0.00017006802721088434
CELL_000557,1,0.00017006802721088434
CELL_002470,1,0.00017006802721088434
CELL_003739,1,0.00017006802721088434
CELL_004287,1,0.00017006802721088434
CELL_001717,1,0.00017006802721088434
CELL_002605,1,0.00017006802721088434
CELL_004849,1,0.00017006802721088434
CELL_001705,1,0.00017006802721088434
CELL_002130,1,0.00017006802721088434
CELL_003999,1,0.00017006802721088434
CELL_005726,1,0.00017006802721088434
CELL_003742,1,0.00017006802721088434
CELL_003509,1,0.00017006802721088434
CELL_002720,1,0.00017006802721088434
CELL_005352,1,0.00017006802721088434
CELL_005358,1,0.00017006802721088434
CELL_005073,1,0.00017006802721088434
CELL_001986,1,0.00017006802721088434
CELL_000295,1,0.00017006802721088434
CELL_001548,1,0.00017006802721088434
CELL_002013,1,0.00017006802721088434
CELL_000589,1,0.00017006802721088434
CELL_003330,1,0.00017006802721088434
CELL_002404,1,0.00017006802721088434
CELL_001356,1,0.00017006802721088434
CELL_005870,1,0.00017006802721088434
CELL_000988,1,0.00017006802721088434
CELL_002683,1,0.00017006802721088434
CELL_001641,1,0.00017006802721088434
CELL_001291,1,0.00017006802721088434
CELL_003682,1,0.00017006802721088434
CELL_001381,1,0.00017006802721088434
CELL_004134,1,0.00017006802721088434
CELL_000975,1,0.00017006802721088434
CELL_000984,1,0.00017006802721088434
CELL_004798,1,0.00017006802721088434
CELL_001419,1,0.00017006802721088434
CELL_001561,1,0.00017006802721088434
CELL_004136,1,0.00017006802721088434
CELL_004266,1,0.00017006802721088434
CELL_004037,1,0.00017006802721088434
CELL_000796,1,0.00017006802721088434
CELL_003021,1,0.00017006802721088434
CELL_001712,1,0.00017006802721088434
CELL_003388,1,0.00017006802721088434
CELL_000037,1,0.00017006802721088434
CELL_000914,1,0.00017006802721088434
CELL_003973,1,0.00017006802721088434
CELL_004448,1,0.00017006802721088434
CELL_001592,1,0.00017006802721088434
CELL_005208,1,0.00017006802721088434
CELL_002163,1,0.00017006802721088434
CELL_002397,1,0.00017006802721088434
CELL_000318,1,0.00017006802721088434
CELL_005278,1,0.00017006802721088434
CELL_003112,1,0.00017006802721088434
CELL_005299,1,0.00017006802721088434
CELL_000825,1,0.00017006802721088434
CELL_004322,1,0.00017006802721088434
CELL_003402,1,0.00017006802721088434
CELL_001390,1,0.00017006802721088434
CELL_003565,1,0.00017006802721088434
CELL_000885,1,0.00017006802721088434
CELL_001869,1,0.00017006802721088434
CELL_002737,1,0.00017006802721088434
CELL_000727,1,0.00017006802721088434
CELL_000054,1,0.00017006802721088434
CELL_001797,1,0.00017006802721088434
CELL_003846,1,0.00017006802721088434
CELL_002554,1,0.00017006802721088434
CELL_002801,1,0.00017006802721088434
CELL_000937,1,0.00017006802721088434
CELL_002110,1,0.00017006802721088434
CELL_000850,1,0.00017006802721088434
CELL_002738,1,0.00017006802721088434
CELL_002467,1,0.00017006802721088434
CELL_001915,1,0.00017006802721088434
CELL_001597,1,0.00017006802721088434
CELL_001914,1,0.00017006802721088434
CELL_005541,1,0.00017006802721088434
CELL_001934,1,0.00017006802721088434
CELL_005457,1,0.00017006802721088434
CELL_003161,1,0.00017006802721088434
CELL_002031,1,0.00017006802721088434
CELL_000893,1,0.00017006802721088434
CELL_004070,1,0.00017006802721088434
CELL_004256,1,0.00017006802721088434
CELL_000003,1,0.00017006802721088434
CELL_004485,1,0.00017006802721088434
CELL_004436,1,0.00017006802721088434
CELL_004687,1,0.00017006802721088434
CELL_004558,1,0.00017006802721088434
CELL_004362,1,0.00017006802721088434
CELL_002425,1,0.00017006802721088434
CELL_001263,1,0.00017006802721088434
CELL_001772,1,0.00017006802721088434
CELL_000146,1,0.00017006802721088434
CELL_002034,1,0.00017006802721088434
CELL_005481,1,0.00017006802721088434
CELL_001166,1,0.00017006802721088434
CELL_003501,1,0.00017006802721088434
CELL_002051,1,0.00017006802721088434
CELL_003761,1,0.00017006802721088434
CELL_002625,1,0.00017006802721088434
CELL_005827,1,0.00017006802721088434
CELL_002235,1,0.00017006802721088434
CELL_000964,1,0.00017006802721088434
CELL_004495,1,0.00017006802721088434
CELL_002633,1,0.00017006802721088434
CELL_000705,1,0.00017006802721088434
CELL_000432,1,0.00017006802721088434
CELL_004389,1,0.00017006802721088434
CELL_000011,1,0.00017006802721088434
CELL_003416,1,0.00017006802721088434
CELL_001464,1,0.00017006802721088434
CELL_000807,1,0.00017006802721088434
CELL_004625,1,0.00017006802721088434
CELL_004069,1,0.00017006802721088434
CELL_002109,1,0.00017006802721088434
CELL_004966,1,0.00017006802721088434
CELL_000039,1,0.00017006802721088434
CELL_004460,1,0.00017006802721088434
CELL_004279,1,0.00017006802721088434
CELL_002984,1,0.00017006802721088434
CELL_005866,1,0.00017006802721088434
CELL_002668,1,0.00017006802721088434
CELL_003224,1,0.00017006802721088434
CELL_001183,1,0.00017006802721088434
CELL_003522,1,0.00017006802721088434
CELL_001132,1,0.00017006802721088434
CELL_005787,1,0.00017006802721088434
CELL_004112,1,0.00017006802721088434
CELL_002770,1,0.00017006802721088434
CELL_000921,1,0.00017006802721088434
CELL_003588,1,0.00017006802721088434
CELL_003960,1,0.00017006802721088434
CELL_004776,1,0.00017006802721088434
CELL_001805,1,0.00017006802721088434
CELL_004347,1,0.00017006802721088434
CELL_002462,1,0.00017006802721088434
CELL_000546,1,0.00017006802721088434
CELL_003242,1,0.00017006802721088434
CELL_000739,1,0.00017006802721088434
CELL_000311,1,0.00017006802721088434
CELL_003512,1,0.00017006802721088434
CELL_000272,1,0.00017006802721088434
CELL_000245,1,0.00017006802721088434
CELL_005704,1,0.00017006802721088434
CELL_002033,1,0.00017006802721088434
CELL_004650,1,0.00017006802721088434
CELL_000814,1,0.00017006802721088434
CELL_003811,1,0.00017006802721088434
CELL_005790,1,0.00017006802721088434
CELL_003643,1,0.00017006802721088434
CELL_003727,1,0.00017006802721088434
CELL_005708,1,0.00017006802721088434
CELL_002422,1,0.00017006802721088434
CELL_001751,1,0.00017006802721088434
CELL_005683,1,0.00017006802721088434
CELL_004813,1,0.00017006802721088434
CELL_000391,1,0.00017006802721088434
CELL_004346,1,0.00017006802721088434
CELL_005733,1,0.00017006802721088434
CELL_003991,1,0.00017006802721088434
CELL_000401,1,0.00017006802721088434
CELL_003360,1,0.00017006802721088434
CELL_000047,1,0.00017006802721088434
CELL_005640,1,0.00017006802721088434
CELL_004764,1,0.00017006802721088434
CELL_000827,1,0.00017006802721088434
CELL_001522,1,0.00017006802721088434
CELL_002931,1,0.00017006802721088434
CELL_004233,1,0.00017006802721088434
CELL_000629,1,0.00017006802721088434
CELL_004431,1,0.00017006802721088434
CELL_003854,1,0.00017006802721088434
CELL_000615,1,0.00017006802721088434
CELL_005771,1,0.00017006802721088434
CELL_001467,1,0.00017006802721088434
CELL_004498,1,0.00017006802721088434
CELL_003043,1,0.00017006802721088434
CELL_000935,1,0.00017006802721088434
CELL_002420,1,0.00017006802721088434
CELL_005304,1,0.00017006802721088434
CELL_000939,1,0.00017006802721088434
CELL_000061,1,0.00017006802721088434
CELL_001241,1,0.00017006802721088434
CELL_004913,1,0.00017006802721088434
CELL_002121,1,0.00017006802721088434
CELL_001525,1,0.00017006802721088434
CELL_000154,1,0.00017006802721088434
CELL_000482,1,0.00017006802721088434
CELL_001459,1,0.00017006802721088434
CELL_000172,1,0.00017006802721088434
CELL_004204,1,0.00017006802721088434
CELL_004924,1,0.00017006802721088434
CELL_003570,1,0.00017006802721088434
CELL_004227,1,0.00017006802721088434
CELL_004795,1,0.00017006802721088434
CELL_004842,1,0.00017006802721088434
CELL_000330,1,0.00017006802721088434
CELL_003005,1,0.00017006802721088434
CELL_005775,1,0.00017006802721088434
CELL_003116,1,0.00017006802721088434
CELL_005686,1,0.00017006802721088434
CELL_002323,1,0.00017006802721088434
CELL_004198,1,0.00017006802721088434
CELL_003550,1,0.00017006802721088434
CELL_004063,1,0.00017006802721088434
CELL_000339,1,0.00017006802721088434
CELL_000216,1,0.00017006802721088434
CELL_003664,1,0.00017006802721088434
CELL_001342,1,0.00017006802721088434
CELL_005375,1,0.00017006802721088434
CELL_003895,1,0.00017006802721088434
CELL_003641,1,0.00017006802721088434
CELL_003630,1,0.00017006802721088434
CELL_005291,1,0.00017006802721088434
CELL_003029,1,0.00017006802721088434
CELL_002970,1,0.00017006802721088434
CELL_005106,1,0.00017006802721088434
CELL_001709,1,0.00017006802721088434
CELL_002954,1,0.00017006802721088434
CELL_000455,1,0.00017006802721088434
CELL_000149,1,0.00017006802721088434
CELL_004125,1,0.00017006802721088434
CELL_003364,1,0.00017006802721088434
CELL_002867,1,0.00017006802721088434
CELL_003777,1,0.00017006802721088434
CELL_001387,1,0.00017006802721088434
CELL_005560,1,0.00017006802721088434
CELL_004865,1,0.00017006802721088434
CELL_004194,1,0.00017006802721088434
CELL_001334,1,0.00017006802721088434
CELL_005232,1,0.00017006802721088434
CELL_002855,1,0.00017006802721088434
CELL_000187,1,0.00017006802721088434
CELL_001137,1,0.00017006802721088434
CELL_002059,1,0.00017006802721088434
CELL_004926,1,0.00017006802721088434
CELL_004461,1,0.00017006802721088434
CELL_003921,1,0.00017006802721088434
CELL_001763,1,0.00017006802721088434
CELL_000751,1,0.00017006802721088434
CELL_001786,1,0.00017006802721088434
CELL_004502,1,0.00017006802721088434
CELL_002712,1,0.00017006802721088434
CELL_005461,1,0.00017006802721088434
CELL_000237,1,0.00017006802721088434
CELL_004899,1,0.00017006802721088434
CELL_002600,1,0.00017006802721088434
CELL_004617,1,0.00017006802721088434
CELL_002574,1,0.00017006802721088434
CELL_003281,1,0.00017006802721088434
CELL_003187,1,0.00017006802721088434
CELL_003954,1,0.00017006802721088434
CELL_003181,1,0.00017006802721088434
CELL_002077,1,0.00017006802721088434
CELL_000442,1,0.00017006802721088434
CELL_002052,1,0.00017006802721088434
CELL_002542,1,0.00017006802721088434
CELL_001302,1,0.00017006802721088434
CELL_003431,1,0.00017006802721088434
CELL_001305,1,0.00017006802721088434
CELL_000041,1,0.00017006802721088434
CELL_002090,1,0.00017006802721088434
CELL_003925,1,0.00017006802721088434
CELL_002176,1,0.00017006802721088434
CELL_000075,1,0.00017006802721088434
CELL_004707,1,0.00017006802721088434
CELL_005797,1,0.00017006802721088434
CELL_002658,1,0.00017006802721088434
CELL_000610,1,0.00017006802721088434
CELL_004264,1,0.00017006802721088434
CELL_004984,1,0.00017006802721088434
CELL_002075,1,0.00017006802721088434
CELL_004053,1,0.00017006802721088434
CELL_005156,1,0.00017006802721088434
CELL_001623,1,0.00017006802721088434
CELL_005150,1,0.00017006802721088434
CELL_004243,1,0.00017006802721088434
CELL_003157,1,0.00017006802721088434
CELL_002199,1,0.00017006802721088434
CELL_000775,1,0.00017006802721088434
CELL_004426,1,0.00017006802721088434
CELL_000944,1,0.00017006802721088434
CELL_000823,1,0.00017006802721088434
CELL_004278,1,0.00017006802721088434
CELL_003595,1,0.00017006802721088434
CELL_001921,1,0.00017006802721088434
CELL_000514,1,0.00017006802721088434
CELL_004178,1,0.00017006802721088434
CELL_001309,1,0.00017006802721088434
CELL_000915,1,0.00017006802721088434
CELL_003453,1,0.00017006802721088434
CELL_003696,1,0.00017006802721088434
CELL_005318,1,0.00017006802721088434
CELL_001280,1,0.00017006802721088434
CELL_005762,1,0.00017006802721088434
CELL_001556,1,0.00017006802721088434
CELL_005314,1,0.00017006802721088434
CELL_003191,1,0.00017006802721088434
CELL_004567,1,0.00017006802721088434
CELL_005515,1,0.00017006802721088434
CELL_002769,1,0.00017006802721088434
CELL_004224,1,0.00017006802721088434
CELL_002107,1,0.00017006802721088434
CELL_002680,1,0.00017006802721088434
CELL_002762,1,0.00017006802721088434
CELL_004689,1,0.00017006802721088434
CELL_001388,1,0.00017006802721088434
CELL_005520,1,0.00017006802721088434
CELL_004151,1,0.00017006802721088434
CELL_003336,1,0.00017006802721088434
CELL_000947,1,0.00017006802721088434
CELL_003294,1,0.00017006802721088434
CELL_002162,1,0.00017006802721088434
CELL_004980,1,0.00017006802721088434
CELL_003058,1,0.00017006802721088434
CELL_000769,1,0.00017006802721088434
CELL_003080,1,0.00017006802721088434
CELL_003463,1,0.00017006802721088434
CELL_005151,1,0.00017006802721088434
CELL_000055,1,0.00017006802721088434
CELL_004065,1,0.00017006802721088434
CELL_003452,1,0.00017006802721088434
CELL_001902,1,0.00017006802721088434
CELL_001482,1,0.00017006802721088434
CELL_005458,1,0.00017006802721088434
CELL_003301,1,0.00017006802721088434
CELL_003311,1,0.00017006802721088434
CELL_000328,1,0.00017006802721088434
CELL_002491,1,0.00017006802721088434
CELL_005510,1,0.00017006802721088434
CELL_004409,1,0.00017006802721088434
CELL_000833,1,0.00017006802721088434
CELL_000165,1,0.00017006802721088434
CELL_004548,1,0.00017006802721088434
CELL_003984,1,0.00017006802721088434
CELL_002539,1,0.00017006802721088434
CELL_005862,1,0.00017006802721088434
CELL_001312,1,0.00017006802721088434
CELL_005341,1,0.00017006802721088434
CELL_004901,1,0.00017006802721088434
CELL_003433,1,0.00017006802721088434
CELL_000967,1,0.00017006802721088434
CELL_005555,1,0.00017006802721088434
CELL_002204,1,0.00017006802721088434
CELL_002714,1,0.00017006802721088434
CELL_004758,1,0.00017006802721088434
CELL_005177,1,0.00017006802721088434
CELL_005377,1,0.00017006802721088434
CELL_001760,1,0.00017006802721088434
CELL_004825,1,0.00017006802721088434
CELL_004423,1,0.00017006802721088434
CELL_001725,1,0.00017006802721088434
CELL_000342,1,0.00017006802721088434
CELL_003702,1,0.00017006802721088434
CELL_004244,1,0.00017006802721088434
CELL_000689,1,0.00017006802721088434
CELL_002080,1,0.00017006802721088434
CELL_003390,1,0.00017006802721088434
CELL_000723,1,0.00017006802721088434
CELL_000952,1,0.00017006802721088434
CELL_005120,1,0.00017006802721088434
CELL_002263,1,0.00017006802721088434
CELL_000990,1,0.00017006802721088434
CELL_003213,1,0.00017006802721088434
CELL_005529,1,0.00017006802721088434
CELL_003496,1,0.00017006802721088434
CELL_000286,1,0.00017006802721088434
CELL_005807,1,0.00017006802721088434
CELL_004525,1,0.00017006802721088434
CELL_005229,1,0.00017006802721088434
CELL_002333,1,0.00017006802721088434
CELL_002718,1,0.00017006802721088434
CELL_005254,1,0.00017006802721088434
CELL_002873,1,0.00017006802721088434
CELL_003031,1,0.00017006802721088434
CELL_001206,1,0.00017006802721088434
CELL_001646,1,0.00017006802721088434
CELL_003418,1,0.00017006802721088434
CELL_003477,1,0.00017006802721088434
CELL_002862,1,0.00017006802721088434
CELL_003508,1,0.00017006802721088434
CELL_000202,1,0.00017006802721088434
CELL_001333,1,0.00017006802721088434
CELL_003503,1,0.00017006802721088434
CELL_002709,1,0.00017006802721088434
CELL_004663,1,0.00017006802721088434
CELL_004022,1,0.00017006802721088434
CELL_001855,1,0.00017006802721088434
CELL_005852,1,0.00017006802721088434
CELL_005854,1,0.00017006802721088434
CELL_000386,1,0.00017006802721088434
CELL_005126,1,0.00017006802721088434
CELL_005365,1,0.00017006802721088434
CELL_000537,1,0.00017006802721088434
CELL_005486,1,0.00017006802721088434
CELL_004213,1,0.00017006802721088434
CELL_003573,1,0.00017006802721088434
CELL_001991,1,0.00017006802721088434
CELL_004121,1,0.00017006802721088434
CELL_004760,1,0.00017006802721088434
CELL_004820,1,0.00017006802721088434
CELL_005573,1,0.00017006802721088434
CELL_003601,1,0.00017006802721088434
CELL_005363,1,0.00017006802721088434
CELL_000363,1,0.00017006802721088434
CELL_002350,1,0.00017006802721088434
CELL_000346,1,0.00017006802721088434
CELL_000815,1,0.00017006802721088434
CELL_004808,1,0.00017006802721088434
CELL_003206,1,0.00017006802721088434
CELL_004883,1,0.00017006802721088434
CELL_005636,1,0.00017006802721088434
CELL_000828,1,0.00017006802721088434
CELL_001640,1,0.00017006802721088434
CELL_000985,1,0.00017006802721088434
CELL_003282,1,0.00017006802721088434
CELL_005843,1,0.00017006802721088434
CELL_002189,1,0.00017006802721088434
CELL_005413,1,0.00017006802721088434
CELL_002444,1,0.00017006802721088434
CELL_003057,1,0.00017006802721088434
CELL_005111,1,0.00017006802721088434
CELL_000127,1,0.00017006802721088434
CELL_003877,1,0.00017006802721088434
CELL_002936,1,0.00017006802721088434
CELL_004452,1,0.00017006802721088434
CELL_003532,1,0.00017006802721088434
CELL_002731,1,0.00017006802721088434
CELL_001793,1,0.00017006802721088434
CELL_003798,1,0.00017006802721088434
CELL_003369,1,0.00017006802721088434
CELL_003368,1,0.00017006802721088434
CELL_003534,1,0.00017006802721088434
CELL_005157,1,0.00017006802721088434
CELL_003450,1,0.00017006802721088434
CELL_000604,1,0.00017006802721088434
CELL_003069,1,0.00017006802721088434
CELL_001121,1,0.00017006802721088434
CELL_002598,1,0.00017006802721088434
CELL_002205,1,0.00017006802721088434
CELL_000420,1,0.00017006802721088434
CELL_000923,1,0.00017006802721088434
CELL_001255,1,0.00017006802721088434
CELL_000478,1,0.00017006802721088434
CELL_002913,1,0.00017006802721088434
CELL_001866,1,0.00017006802721088434
CELL_004613,1,0.00017006802721088434
CELL_001858,1,0.00017006802721088434
CELL_002646,1,0.00017006802721088434
CELL_002244,1,0.00017006802721088434
CELL_002337,1,0.00017006802721088434
CELL_000951,1,0.00017006802721088434
CELL_004226,1,0.00017006802721088434
CELL_003757,1,0.00017006802721088434
CELL_002892,1,0.00017006802721088434
CELL_002372,1,0.00017006802721088434
CELL_004871,1,0.00017006802721088434
CELL_005209,1,0.00017006802721088434
CELL_003229,1,0.00017006802721088434
CELL_002854,1,0.00017006802721088434
CELL_003326,1,0.00017006802721088434
CELL_004107,1,0.00017006802721088434
CELL_002117,1,0.00017006802721088434
CELL_001835,1,0.00017006802721088434
CELL_000794,1,0.00017006802721088434
CELL_005816,1,0.00017006802721088434
CELL_002675,1,0.00017006802721088434
CELL_000095,1,0.00017006802721088434
CELL_002344,1,0.00017006802721088434
CELL_002450,1,0.00017006802721088434
CELL_002137,1,0.00017006802721088434
CELL_001066,1,0.00017006802721088434
CELL_005831,1,0.00017006802721088434
CELL_004228,1,0.00017006802721088434
CELL_002622,1,0.00017006802721088434
CELL_000078,1,0.00017006802721088434
CELL_000993,1,0.00017006802721088434
CELL_002191,1,0.00017006802721088434
CELL_004671,1,0.00017006802721088434
CELL_003763,1,0.00017006802721088434
CELL_003598,1,0.00017006802721088434
CELL_004712,1,0.00017006802721088434
CELL_001319,1,0.00017006802721088434
CELL_001864,1,0.00017006802721088434
CELL_003688,1,0.00017006802721088434
CELL_001998,1,0.00017006802721088434
CELL_004034,1,0.00017006802721088434
CELL_005765,1,0.00017006802721088434
CELL_003055,1,0.00017006802721088434
CELL_001249,1,0.00017006802721088434
CELL_002193,1,0.00017006802721088434
CELL_002713,1,0.00017006802721088434
CELL_002036,1,0.00017006802721088434
CELL_001203,1,0.00017006802721088434
CELL_002627,1,0.00017006802721088434
CELL_005660,1,0.00017006802721088434
CELL_001971,1,0.00017006802721088434
CELL_003111,1,0.00017006802721088434
CELL_004019,1,0.00017006802721088434
CELL_002152,1,0.00017006802721088434
CELL_002959,1,0.00017006802721088434
CELL_001995,1,0.00017006802721088434
CELL_005826,1,0.00017006802721088434
CELL_005342,1,0.00017006802721088434
CELL_002377,1,0.00017006802721088434
CELL_001343,1,0.00017006802721088434
CELL_000321,1,0.00017006802721088434
CELL_001620,1,0.00017006802721088434
CELL_005081,1,0.00017006802721088434
CELL_005138,1,0.00017006802721088434
CELL_004028,1,0.00017006802721088434
CELL_001605,1,0.00017006802721088434
CELL_001119,1,0.00017006802721088434
CELL_003678,1,0.00017006802721088434
CELL_003491,1,0.00017006802721088434
CELL_005719,1,0.00017006802721088434
CELL_003392,1,0.00017006802721088434
CELL_002561,1,0.00017006802721088434
CELL_005759,1,0.00017006802721088434
CELL_002636,1,0.00017006802721088434
CELL_003531,1,0.00017006802721088434
CELL_000376,1,0.00017006802721088434
CELL_001909,1,0.00017006802721088434
CELL_004430,1,0.00017006802721088434
CELL_002899,1,0.00017006802721088434
CELL_004821,1,0.00017006802721088434
CELL_001315,1,0.00017006802721088434
CELL_005129,1,0.00017006802721088434
CELL_000873,1,0.00017006802721088434
CELL_003851,1,0.00017006802721088434
CELL_005627,1,0.00017006802721088434
CELL_002966,1,0.00017006802721088434
CELL_001142,1,0.00017006802721088434
CELL_002763,1,0.00017006802721088434
CELL_000847,1,0.00017006802721088434
CELL_004290,1,0.00017006802721088434
CELL_002552,1,0.00017006802721088434
CELL_002929,1,0.00017006802721088434
CELL_000118,1,0.00017006802721088434
CELL_000646,1,0.00017006802721088434
CELL_004750,1,0.00017006802721088434
CELL_005158,1,0.00017006802721088434
CELL_004655,1,0.00017006802721088434
CELL_004209,1,0.00017006802721088434
CELL_004628,1,0.00017006802721088434
CELL_000225,1,0.00017006802721088434
CELL_000724,1,0.00017006802721088434
CELL_005273,1,0.00017006802721088434
CELL_000902,1,0.00017006802721088434
CELL_003745,1,0.00017006802721088434
CELL_002027,1,0.00017006802721088434
CELL_004235,1,0.00017006802721088434
CELL_001918,1,0.00017006802721088434
CELL_001829,1,0.00017006802721088434
CELL_001574,1,0.00017006802721088434
CELL_004416,1,0.00017006802721088434
CELL_003714,1,0.00017006802721088434
CELL_002061,1,0.00017006802721088434
CELL_002220,1,0.00017006802721088434
CELL_001674,1,0.00017006802721088434
CELL_000261,1,0.00017006802721088434
CELL_005422,1,0.00017006802721088434
CELL_002040,1,0.00017006802721088434
CELL_004786,1,0.00017006802721088434
CELL_003449,1,0.00017006802721088434
CELL_003813,1,0.00017006802721088434
CELL_005470,1,0.00017006802721088434
CELL_002363,1,0.00017006802721088434
CELL_001976,1,0.00017006802721088434
CELL_003515,1,0.00017006802721088434
CELL_001762,1,0.00017006802721088434
CELL_002740,1,0.00017006802721088434
CELL_003422,1,0.00017006802721088434
CELL_002564,1,0.00017006802721088434
CELL_001606,1,0.00017006802721088434
CELL_005672,1,0.00017006802721088434
CELL_002325,1,0.00017006802721088434
CELL_002710,1,0.00017006802721088434
CELL_005163,1,0.00017006802721088434
CELL_001313,1,0.00017006802721088434
CELL_002591,1,0.00017006802721088434
CELL_000243,1,0.00017006802721088434
CELL_005112,1,0.00017006802721088434
CELL_001161,1,0.00017006802721088434
CELL_002871,1,0.00017006802721088434
CELL_003736,1,0.00017006802721088434
CELL_002398,1,0.00017006802721088434
CELL_003518,1,0.00017006802721088434
CELL_000004,1,0.00017006802721088434
CELL_004171,1,0.00017006802721088434
CELL_000468,1,0.00017006802721088434
CELL_000006,1,0.00017006802721088434
CELL_000920,1,0.00017006802721088434
CELL_002596,1,0.00017006802721088434
CELL_004325,1,0.00017006802721088434
CELL_001064,1,0.00017006802721088434
CELL_003346,1,0.00017006802721088434
CELL_005780,1,0.00017006802721088434
CELL_002798,1,0.00017006802721088434
CELL_000919,1,0.00017006802721088434
CELL_001647,1,0.00017006802721088434
CELL_004979,1,0.00017006802721088434
CELL_004622,1,0.00017006802721088434
CELL_000365,1,0.00017006802721088434
CELL_001297,1,0.00017006802721088434
CELL_001977,1,0.00017006802721088434
CELL_005308,1,0.00017006802721088434
CELL_005269,1,0.00017006802721088434
CELL_002076,1,0.00017006802721088434
CELL_004581,1,0.00017006802721088434
CELL_003087,1,0.00017006802721088434
CELL_005095,1,0.00017006802721088434
CELL_005307,1,0.00017006802721088434
CELL_000233,1,0.00017006802721088434
CELL_000067,1,0.00017006802721088434
CELL_001604,1,0.00017006802721088434
CELL_003284,1,0.00017006802721088434
CELL_003597,1,0.00017006802721088434
CELL_004633,1,0.00017006802721088434
CELL_000126,1,0.00017006802721088434
CELL_005477,1,0.00017006802721088434
CELL_002473,1,0.00017006802721088434
CELL_004008,1,0.00017006802721088434
CELL_004719,1,0.00017006802721088434
CELL_001494,1,0.00017006802721088434
CELL_004207,1,0.00017006802721088434
CELL_002159,1,0.00017006802721088434
CELL_001170,1,0.00017006802721088434
CELL_003118,1,0.00017006802721088434
CELL_002394,1,0.00017006802721088434
CELL_000524,1,0.00017006802721088434
CELL_003901,1,0.00017006802721088434
CELL_005482,1,0.00017006802721088434
CELL_004700,1,0.00017006802721088434
CELL_003123,1,0.00017006802721088434
CELL_004157,1,0.00017006802721088434
CELL_002879,1,0.00017006802721088434
CELL_004203,1,0.00017006802721088434
CELL_002287,1,0.00017006802721088434
CELL_002262,1,0.00017006802721088434
CELL_002297,1,0.00017006802721088434
CELL_001754,1,0.00017006802721088434
CELL_001969,1,0.00017006802721088434
CELL_005101,1,0.00017006802721088434
CELL_000303,1,0.00017006802721088434
CELL_002767,1,0.00017006802721088434
CELL_001277,1,0.00017006802721088434
CELL_004721,1,0.00017006802721088434
CELL_002056,1,0.00017006802721088434
CELL_004433,1,0.00017006802721088434
CELL_003645,1,0.00017006802721088434
CELL_004144,1,0.00017006802721088434
CELL_003288,1,0.00017006802721088434
CELL_002126,1,0.00017006802721088434
CELL_004124,1,0.00017006802721088434
CELL_004570,1,0.00017006802721088434
CELL_000526,1,0.00017006802721088434
CELL_004822,1,0.00017006802721088434
CELL_000056,1,0.00017006802721088434
CELL_000639,1,0.00017006802721088434
CELL_002833,1,0.00017006802721088434
CELL_003473,1,0.00017006802721088434
CELL_000138,1,0.00017006802721088434
CELL_004893,1,0.00017006802721088434
CELL_002181,1,0.00017006802721088434
CELL_002129,1,0.00017006802721088434
CELL_003178,1,0.00017006802721088434
CELL_004855,1,0.00017006802721088434
CELL_003824,1,0.00017006802721088434
CELL_004139,1,0.00017006802721088434
CELL_003819,1,0.00017006802721088434
CELL_004301,1,0.00017006802721088434
CELL_002594,1,0.00017006802721088434
CELL_004165,1,0.00017006802721088434
CELL_003032,1,0.00017006802721088434
CELL_003580,1,0.00017006802721088434
CELL_001720,1,0.00017006802721088434
CELL_002948,1,0.00017006802721088434
CELL_004456,1,0.00017006802721088434
CELL_000900,1,0.00017006802721088434
CELL_005698,1,0.00017006802721088434
CELL_000761,1,0.00017006802721088434
CELL_001907,1,0.00017006802721088434
CELL_004043,1,0.00017006802721088434
CELL_001970,1,0.00017006802721088434
CELL_000672,1,0.00017006802721088434
CELL_004189,1,0.00017006802721088434
CELL_000667,1,0.00017006802721088434
CELL_005087,1,0.00017006802721088434
CELL_001888,1,0.00017006802721088434
CELL_003267,1,0.00017006802721088434
CELL_000281,1,0.00017006802721088434
CELL_000389,1,0.00017006802721088434
CELL_000236,1,0.00017006802721088434
CELL_001078,1,0.00017006802721088434
CELL_001985,1,0.00017006802721088434
CELL_004364,1,0.00017006802721088434
CELL_003963,1,0.00017006802721088434
CELL_000771,1,0.00017006802721088434
CELL_002166,1,0.00017006802721088434
CELL_001253,1,0.00017006802721088434
CELL_003279,1,0.00017006802721088434
CELL_003375,1,0.00017006802721088434
CELL_002815,1,0.00017006802721088434
CELL_004720,1,0.00017006802721088434
CELL_001849,1,0.00017006802721088434
CELL_004859,1,0.00017006802721088434
CELL_003038,1,0.00017006802721088434
CELL_001359,1,0.00017006802721088434
CELL_001330,1,0.00017006802721088434
CELL_005789,1,0.00017006802721088434
CELL_002151,1,0.00017006802721088434
CELL_004531,1,0.00017006802721088434
CELL_002123,1,0.00017006802721088434
CELL_004674,1,0.00017006802721088434
CELL_003982,1,0.00017006802721088434
CELL_004638,1,0.00017006802721088434
CELL_005121,1,0.00017006802721088434
CELL_004262,1,0.00017006802721088434
CELL_004345,1,0.00017006802721088434
CELL_001332,1,0.00017006802721088434
CELL_002018,1,0.00017006802721088434
CELL_004543,1,0.00017006802721088434
CELL_002483,1,0.00017006802721088434
CELL_000405,1,0.00017006802721088434
CELL_000385,1,0.00017006802721088434
CELL_005620,1,0.00017006802721088434
CELL_002153,1,0.00017006802721088434
CELL_001634,1,0.00017006802721088434
CELL_005384,1,0.00017006802721088434
CELL_004785,1,0.00017006802721088434
CELL_003926,1,0.00017006802721088434
CELL_002725,1,0.00017006802721088434
CELL_005556,1,0.00017006802721088434
CELL_001461,1,0.00017006802721088434
CELL_001669,1,0.00017006802721088434
CELL_002757,1,0.00017006802721088434
CELL_002001,1,0.00017006802721088434
CELL_004572,1,0.00017006802721088434
CELL_004614,1,0.00017006802721088434
CELL_005626,1,0.00017006802721088434
CELL_004545,1,0.00017006802721088434
CELL_000717,1,0.00017006802721088434
CELL_005240,1,0.00017006802721088434
CELL_005489,1,0.00017006802721088434
CELL_002049,1,0.00017006802721088434
CELL_004179,1,0.00017006802721088434
CELL_004810,1,0.00017006802721088434
CELL_004534,1,0.00017006802721088434
CELL_000674,1,0.00017006802721088434
CELL_000250,1,0.00017006802721088434
CELL_001575,1,0.00017006802721088434
CELL_003420,1,0.00017006802721088434
CELL_002082,1,0.00017006802721088434
CELL_001824,1,0.00017006802721088434
CELL_005440,1,0.00017006802721088434
CELL_005025,1,0.00017006802721088434
CELL_003776,1,0.00017006802721088434
CELL_004836,1,0.00017006802721088434
CELL_004137,1,0.00017006802721088434
CELL_004965,1,0.00017006802721088434
CELL_002780,1,0.00017006802721088434
CELL_000540,1,0.00017006802721088434
CELL_002746,1,0.00017006802721088434
CELL_000256,1,0.00017006802721088434
CELL_004486,1,0.00017006802721088434
CELL_005296,1,0.00017006802721088434
CELL_001582,1,0.00017006802721088434
CELL_002957,1,0.00017006802721088434
CELL_000925,1,0.00017006802721088434
CELL_005206,1,0.00017006802721088434
CELL_002509,1,0.00017006802721088434
CELL_005125,1,0.00017006802721088434
CELL_004973,1,0.00017006802721088434
CELL_000798,1,0.00017006802721088434
CELL_002872,1,0.00017006802721088434
CELL_000010,1,0.00017006802721088434
CELL_001945,1,0.00017006802721088434
CELL_001839,1,0.00017006802721088434
CELL_004805,1,0.00017006802721088434
CELL_004159,1,0.00017006802721088434
CELL_004949,1,0.00017006802721088434
CELL_000224,1,0.00017006802721088434
CELL_002194,1,0.00017006802721088434
CELL_003137,1,0.00017006802721088434
CELL_004470,1,0.00017006802721088434
CELL_001825,1,0.00017006802721088434
CELL_005399,1,0.00017006802721088434
CELL_005649,1,0.00017006802721088434
CELL_004299,1,0.00017006802721088434
CELL_003285,1,0.00017006802721088434
CELL_002934,1,0.00017006802721088434
CELL_004176,1,0.00017006802721088434
CELL_004911,1,0.00017006802721088434
CELL_001853,1,0.00017006802721088434
CELL_005502,1,0.00017006802721088434
CELL_003638,1,0.00017006802721088434
CELL_001397,1,0.00017006802721088434
CELL_003585,1,0.00017006802721088434
CELL_005274,1,0.00017006802721088434
CELL_003377,1,0.00017006802721088434
CELL_001257,1,0.00017006802721088434
CELL_003513,1,0.00017006802721088434
CELL_001251,1,0.00017006802721088434
CELL_005064,1,0.00017006802721088434
CELL_002832,1,0.00017006802721088434
CELL_002784,1,0.00017006802721088434
CELL_001354,1,0.00017006802721088434
CELL_005132,1,0.00017006802721088434
CELL_000471,1,0.00017006802721088434
CELL_002704,1,0.00017006802721088434
CELL_003331,1,0.00017006802721088434
CELL_005286,1,0.00017006802721088434
CELL_005367,1,0.00017006802721088434
CELL_001146,1,0.00017006802721088434
CELL_005128,1,0.00017006802721088434
CELL_004469,1,0.00017006802721088434
CELL_000668,1,0.00017006802721088434
CELL_003020,1,0.00017006802721088434
CELL_000358,1,0.00017006802721088434
CELL_004269,1,0.00017006802721088434
CELL_003523,1,0.00017006802721088434
CELL_004135,1,0.00017006802721088434
CELL_003603,1,0.00017006802721088434
CELL_000714,1,0.00017006802721088434
CELL_004187,1,0.00017006802721088434
CELL_002215,1,0.00017006802721088434
CELL_002924,1,0.00017006802721088434
CELL_000895,1,0.00017006802721088434
CELL_004925,1,0.00017006802721088434
CELL_000456,1,0.00017006802721088434
CELL_005448,1,0.00017006802721088434
CELL_003710,1,0.00017006802721088434
CELL_005423,1,0.00017006802721088434
CELL_004850,1,0.00017006802721088434
CELL_004749,1,0.00017006802721088434
CELL_001532,1,0.00017006802721088434
CELL_001215,1,0.00017006802721088434
CELL_000505,1,0.00017006802721088434
CELL_004286,1,0.00017006802721088434
CELL_001997,1,0.00017006802721088434
CELL_003073,1,0.00017006802721088434
CELL_001959,1,0.00017006802721088434
CELL_001385,1,0.00017006802721088434
CELL_005725,1,0.00017006802721088434
CELL_002106,1,0.00017006802721088434
CELL_000134,1,0.00017006802721088434
CELL_005237,1,0.00017006802721088434
CELL_005030,1,0.00017006802721088434
CELL_000929,1,0.00017006802721088434
CELL_000824,1,0.00017006802721088434
CELL_005337,1,0.00017006802721088434
CELL_002540,1,0.00017006802721088434
CELL_000954,1,0.00017006802721088434
CELL_004847,1,0.00017006802721088434
CELL_004331,1,0.00017006802721088434
CELL_000733,1,0.00017006802721088434
CELL_001157,1,0.00017006802721088434
CELL_005447,1,0.00017006802721088434
CELL_003295,1,0.00017006802721088434
CELL_001541,1,0.00017006802721088434
CELL_001218,1,0.00017006802721088434
CELL_002682,1,0.00017006802721088434
CELL_002994,1,0.00017006802721088434
CELL_001192,1,0.00017006802721088434
CELL_001543,1,0.00017006802721088434
CELL_003302,1,0.00017006802721088434
CELL_003325,1,0.00017006802721088434
CELL_001681,1,0.00017006802721088434
CELL_000500,1,0.00017006802721088434
CELL_005329,1,0.00017006802721088434
CELL_001857,1,0.00017006802721088434
CELL_001389,1,0.00017006802721088434
CELL_003720,1,0.00017006802721088434
CELL_002387,1,0.00017006802721088434
CELL_003237,1,0.00017006802721088434
CELL_001811,1,0.00017006802721088434
CELL_003487,1,0.00017006802721088434
CELL_003142,1,0.00017006802721088434
CELL_001828,1,0.00017006802721088434
CELL_001156,1,0.00017006802721088434
CELL_001325,1,0.00017006802721088434
CELL_004313,1,0.00017006802721088434
CELL_000511,1,0.00017006802721088434
CELL_001366,1,0.00017006802721088434
CELL_005702,1,0.00017006802721088434
CELL_000596,1,0.00017006802721088434
CELL_003953,1,0.00017006802721088434
CELL_004969,1,0.00017006802721088434
CELL_002915,1,0.00017006802721088434
CELL_002327,1,0.00017006802721088434
CELL_003767,1,0.00017006802721088434
CELL_000718,1,0.00017006802721088434
CELL_001820,1,0.00017006802721088434
CELL_002503,1,0.00017006802721088434
CELL_004361,1,0.00017006802721088434
CELL_004172,1,0.00017006802721088434
CELL_000396,1,0.00017006802721088434
CELL_005682,1,0.00017006802721088434
CELL_004493,1,0.00017006802721088434
CELL_002939,1,0.00017006802721088434
CELL_004492,1,0.00017006802721088434
CELL_003141,1,0.00017006802721088434
CELL_004981,1,0.00017006802721088434
CELL_000144,1,0.00017006802721088434
CELL_003578,1,0.00017006802721088434
CELL_004947,1,0.00017006802721088434
CELL_002783,1,0.00017006802721088434
CELL_002983,1,0.00017006802721088434
CELL_005162,1,0.00017006802721088434
CELL_002157,1,0.00017006802721088434
CELL_001063,1,0.00017006802721088434
CELL_002617,1,0.00017006802721088434
CELL_001168,1,0.00017006802721088434
CELL_003223,1,0.00017006802721088434
CELL_003637,1,0.00017006802721088434
CELL_000617,1,0.00017006802721088434
CELL_000115,1,0.00017006802721088434
CELL_000418,1,0.00017006802721088434
CELL_003070,1,0.00017006802721088434
CELL_001626,1,0.00017006802721088434
CELL_005820,1,0.00017006802721088434
CELL_004186,1,0.00017006802721088434
CELL_002897,1,0.00017006802721088434
CELL_003349,1,0.00017006802721088434
CELL_000729,1,0.00017006802721088434
CELL_000413,1,0.00017006802721088434
CELL_003147,1,0.00017006802721088434
CELL_001517,1,0.00017006802721088434
CELL_000826,1,0.00017006802721088434
CELL_003268,1,0.00017006802721088434
CELL_003975,1,0.00017006802721088434
CELL_004080,1,0.00017006802721088434
CELL_001123,1,0.00017006802721088434
CELL_002787,1,0.00017006802721088434
CELL_002968,1,0.00017006802721088434
CELL_002505,1,0.00017006802721088434
CELL_003466,1,0.00017006802721088434
CELL_000676,1,0.00017006802721088434
CELL_002809,1,0.00017006802721088434
CELL_003441,1,0.00017006802721088434
CELL_003852,1,0.00017006802721088434
CELL_004133,1,0.00017006802721088434
CELL_005389,1,0.00017006802721088434
CELL_002144,1,0.00017006802721088434
CELL_005420,1,0.00017006802721088434
CELL_005074,1,0.00017006802721088434
CELL_001572,1,0.00017006802721088434
CELL_004593,1,0.00017006802721088434
CELL_000336,1,0.00017006802721088434
CELL_002840,1,0.00017006802721088434
CELL_003088,1,0.00017006802721088434
CELL_004612,1,0.00017006802721088434
CELL_001349,1,0.00017006802721088434
CELL_001016,1,0.00017006802721088434
CELL_002817,1,0.00017006802721088434
CELL_001569,1,0.00017006802721088434
CELL_002428,1,0.00017006802721088434
CELL_003747,1,0.00017006802721088434
CELL_005722,1,0.00017006802721088434
CELL_001688,1,0.00017006802721088434
CELL_000852,1,0.00017006802721088434
CELL_003547,1,0.00017006802721088434
CELL_000896,1,0.00017006802721088434
CELL_004381,1,0.00017006802721088434
CELL_001067,1,0.00017006802721088434
CELL_003914,1,0.00017006802721088434
CELL_005288,1,0.00017006802721088434
CELL_003499,1,0.00017006802721088434
CELL_002739,1,0.00017006802721088434
CELL_005053,1,0.00017006802721088434
CELL_004001,1,0.00017006802721088434
CELL_005492,1,0.00017006802721088434
CELL_002083,1,0.00017006802721088434
CELL_000754,1,0.00017006802721088434
CELL_002547,1,0.00017006802721088434
CELL_003970,1,0.00017006802721088434
CELL_003374,1,0.00017006802721088434
CELL_004108,1,0.00017006802721088434
CELL_002445,1,0.00017006802721088434
CELL_003357,1,0.00017006802721088434
CELL_002745,1,0.00017006802721088434
CELL_005093,1,0.00017006802721088434
CELL_003507,1,0.00017006802721088434
CELL_001680,1,0.00017006802721088434
CELL_004250,1,0.00017006802721088434
CELL_003148,1,0.00017006802721088434
CELL_002295,1,0.00017006802721088434
CELL_003060,1,0.00017006802721088434
CELL_005054,1,0.00017006802721088434
CELL_002142,1,0.00017006802721088434
CELL_005105,1,0.00017006802721088434
CELL_003119,1,0.00017006802721088434
CELL_005189,1,0.00017006802721088434
CELL_005553,1,0.00017006802721088434
CELL_004046,1,0.00017006802721088434
CELL_005409,1,0.00017006802721088434
CELL_001636,1,0.00017006802721088434
CELL_004647,1,0.00017006802721088434
CELL_002480,1,0.00017006802721088434
CELL_002266,1,0.00017006802721088434
CELL_002960,1,0.00017006802721088434
CELL_005324,1,0.00017006802721088434
CELL_005561,1,0.00017006802721088434
CELL_001632,1,0.00017006802721088434
CELL_002490,1,0.00017006802721088434
CELL_003731,1,0.00017006802721088434
CELL_003252,1,0.00017006802721088434
CELL_005445,1,0.00017006802721088434
CELL_002071,1,0.00017006802721088434
CELL_004453,1,0.00017006802721088434
CELL_005741,1,0.00017006802721088434
CELL_005178,1,0.00017006802721088434
CELL_003676,1,0.00017006802721088434
CELL_000831,1,0.00017006802721088434
CELL_000120,1,0.00017006802721088434
CELL_004753,1,0.00017006802721088434
CELL_005616,1,0.00017006802721088434
CELL_005569,1,0.00017006802721088434
CELL_005809,1,0.00017006802721088434
CELL_001665,1,0.00017006802721088434
CELL_001013,1,0.00017006802721088434
CELL_001932,1,0.00017006802721088434
CELL_001151,1,0.00017006802721088434
CELL_002839,1,0.00017006802721088434
CELL_000117,1,0.00017006802721088434
CELL_000741,1,0.00017006802721088434
CELL_005648,1,0.00017006802721088434
CELL_003673,1,0.00017006802721088434
CELL_000560,1,0.00017006802721088434
CELL_005238,1,0.00017006802721088434
CELL_005216,1,0.00017006802721088434
CELL_002850,1,0.00017006802721088434
CELL_000513,1,0.00017006802721088434
CELL_004730,1,0.00017006802721088434
CELL_001082,1,0.00017006802721088434
CELL_000581,1,0.00017006802721088434
CELL_001471,1,0.00017006802721088434
CELL_004800,1,0.00017006802721088434
CELL_004071,1,0.00017006802721088434
CELL_005309,1,0.00017006802721088434
CELL_003344,1,0.00017006802721088434
CELL_004993,1,0.00017006802721088434
CELL_004584,1,0.00017006802721088434
CELL_004147,1,0.00017006802721088434
CELL_000854,1,0.00017006802721088434
CELL_001983,1,0.00017006802721088434
CELL_002775,1,0.00017006802721088434
CELL_004930,1,0.00017006802721088434
CELL_005212,1,0.00017006802721088434
CELL_001167,1,0.00017006802721088434
CELL_000972,1,0.00017006802721088434
CELL_004934,1,0.00017006802721088434
CELL_004778,1,0.00017006802721088434
CELL_001716,1,0.00017006802721088434
CELL_001149,1,0.00017006802721088434
CELL_003262,1,0.00017006802721088434
CELL_000575,1,0.00017006802721088434
CELL_003770,1,0.00017006802721088434
CELL_003737,1,0.00017006802721088434
CELL_005223,1,0.00017006802721088434
CELL_000005,1,0.00017006802721088434
CELL_003052,1,0.00017006802721088434
CELL_003125,1,0.00017006802721088434
CELL_002661,1,0.00017006802721088434
CELL_002492,1,0.00017006802721088434
CELL_005174,1,0.00017006802721088434
CELL_003855,1,0.00017006802721088434
CELL_000636,1,0.00017006802721088434
CELL_004466,1,0.00017006802721088434
CELL_004365,1,0.00017006802721088434
CELL_004143,1,0.00017006802721088434
CELL_000992,1,0.00017006802721088434
CELL_000877,1,0.00017006802721088434
CELL_004870,1,0.00017006802721088434
CELL_005316,1,0.00017006802721088434
CELL_005819,1,0.00017006802721088434
CELL_004722,1,0.00017006802721088434
CELL_003864,1,0.00017006802721088434
CELL_002734,1,0.00017006802721088434
CELL_001896,1,0.00017006802721088434
CELL_005443,1,0.00017006802721088434
CELL_000570,1,0.00017006802721088434
CELL_001817,1,0.00017006802721088434
CELL_000785,1,0.00017006802721088434
CELL_004058,1,0.00017006802721088434
CELL_001410,1,0.00017006802721088434
CELL_002538,1,0.00017006802721088434
CELL_000155,1,0.00017006802721088434
CELL_003010,1,0.00017006802721088434
CELL_001687,1,0.00017006802721088434
CELL_002902,1,0.00017006802721088434
CELL_000525,1,0.00017006802721088434
CELL_002456,1,0.00017006802721088434
CELL_005017,1,0.00017006802721088434
CELL_001842,1,0.00017006802721088434
CELL_000538,1,0.00017006802721088434
CELL_002807,1,0.00017006802721088434
CELL_004342,1,0.00017006802721088434
CELL_003176,1,0.00017006802721088434
CELL_002702,1,0.00017006802721088434
CELL_004496,1,0.00017006802721088434
CELL_003848,1,0.00017006802721088434
CELL_002369,1,0.00017006802721088434
CELL_004116,1,0.00017006802721088434
CELL_004781,1,0.00017006802721088434
CELL_004132,1,0.00017006802721088434
CELL_002951,1,0.00017006802721088434
CELL_001244,1,0.00017006802721088434
CELL_000017,1,0.00017006802721088434
CELL_003121,1,0.00017006802721088434
CELL_005860,1,0.00017006802721088434
CELL_004643,1,0.00017006802721088434
CELL_004755,1,0.00017006802721088434
CELL_000816,1,0.00017006802721088434
CELL_003068,1,0.00017006802721088434
CELL_003421,1,0.00017006802721088434
CELL_005662,1,0.00017006802721088434
CELL_001061,1,0.00017006802721088434
CELL_002566,1,0.00017006802721088434
CELL_005869,1,0.00017006802721088434
CELL_001070,1,0.00017006802721088434
CELL_002525,1,0.00017006802721088434
CELL_002206,1,0.00017006802721088434
CELL_000191,1,0.00017006802721088434
CELL_001140,1,0.00017006802721088434
CELL_005089,1,0.00017006802721088434
CELL_000700,1,0.00017006802721088434
CELL_005691,1,0.00017006802721088434
CELL_000607,1,0.00017006802721088434
CELL_004277,1,0.00017006802721088434
CELL_000302,1,0.00017006802721088434
CELL_002066,1,0.00017006802721088434
CELL_000128,1,0.00017006802721088434
CELL_003395,1,0.00017006802721088434
CELL_003328,1,0.00017006802721088434
CELL_005858,1,0.00017006802721088434
CELL_002976,1,0.00017006802721088434
CELL_000981,1,0.00017006802721088434
CELL_002301,1,0.00017006802721088434
CELL_001301,1,0.00017006802721088434
CELL_005752,1,0.00017006802721088434
CELL_000161,1,0.00017006802721088434
CELL_004068,1,0.00017006802721088434
CELL_000957,1,0.00017006802721088434
CELL_003792,1,0.00017006802721088434
CELL_003235,1,0.00017006802721088434
CELL_002870,1,0.00017006802721088434
CELL_004736,1,0.00017006802721088434
CELL_005665,1,0.00017006802721088434
CELL_001219,1,0.00017006802721088434
CELL_005255,1,0.00017006802721088434
CELL_005512,1,0.00017006802721088434
CELL_001528,1,0.00017006802721088434
CELL_003988,1,0.00017006802721088434
CELL_005800,1,0.00017006802721088434
CELL_001694,1,0.00017006802721088434
CELL_001046,1,0.00017006802721088434
CELL_003447,1,0.00017006802721088434
CELL_004566,1,0.00017006802721088434
CELL_000955,1,0.00017006802721088434
CELL_005857,1,0.00017006802721088434
CELL_002736,1,0.00017006802721088434
CELL_005766,1,0.00017006802721088434
CELL_005622,1,0.00017006802721088434
CELL_000960,1,0.00017006802721088434
CELL_004894,1,0.00017006802721088434
CELL_000226,1,0.00017006802721088434
CELL_003355,1,0.00017006802721088434
CELL_002486,1,0.00017006802721088434
CELL_000563,1,0.00017006802721088434
CELL_003437,1,0.00017006802721088434
CELL_003171,1,0.00017006802721088434
CELL_002057,1,0.00017006802721088434
CELL_004091,1,0.00017006802721088434
CELL_005736,1,0.00017006802721088434
CELL_003109,1,0.00017006802721088434
CELL_004549,1,0.00017006802721088434
CELL_003724,1,0.00017006802721088434
CELL_005424,1,0.00017006802721088434
CELL_004724,1,0.00017006802721088434
CELL_003992,1,0.00017006802721088434
CELL_001697,1,0.00017006802721088434
CELL_003192,1,0.00017006802721088434
CELL_004500,1,0.00017006802721088434
CELL_001155,1,0.00017006802721088434
CELL_002256,1,0.00017006802721088434
CELL_001683,1,0.00017006802721088434
CELL_003184,1,0.00017006802721088434
CELL_000254,1,0.00017006802721088434
CELL_003924,1,0.00017006802721088434
CELL_004200,1,0.00017006802721088434
CELL_001446,1,0.00017006802721088434
CELL_005540,1,0.00017006802721088434
CELL_001649,1,0.00017006802721088434
CELL_004683,1,0.00017006802721088434
CELL_003778,1,0.00017006802721088434
CELL_004434,1,0.00017006802721088434
CELL_004974,1,0.00017006802721088434
CELL_002962,1,0.00017006802721088434
CELL_002201,1,0.00017006802721088434
CELL_000099,1,0.00017006802721088434
CELL_005718,1,0.00017006802721088434
CELL_002558,1,0.00017006802721088434
CELL_002812,1,0.00017006802721088434
CELL_000660,1,0.00017006802721088434
CELL_001795,1,0.00017006802721088434
CELL_002512,1,0.00017006802721088434
CELL_003398,1,0.00017006802721088434
CELL_004283,1,0.00017006802721088434
CELL_001148,1,0.00017006802721088434
CELL_003273,1,0.00017006802721088434
CELL_001844,1,0.00017006802721088434
CELL_001735,1,0.00017006802721088434
CELL_002912,1,0.00017006802721088434
CELL_003220,1,0.00017006802721088434
CELL_000147,1,0.00017006802721088434
CELL_005631,1,0.00017006802721088434
CELL_001987,1,0.00017006802721088434
CELL_001370,1,0.00017006802721088434
CELL_005535,1,0.00017006802721088434
CELL_001803,1,0.00017006802721088434
CELL_004737,1,0.00017006802721088434
CELL_005867,1,0.00017006802721088434
CELL_002386,1,0.00017006802721088434
CELL_001960,1,0.00017006802721088434
CELL_002977,1,0.00017006802721088434
CELL_000489,1,0.00017006802721088434
CELL_002050,1,0.00017006802721088434
CELL_004977,1,0.00017006802721088434
CELL_003644,1,0.00017006802721088434
CELL_005795,1,0.00017006802721088434
CELL_000624,1,0.00017006802721088434
CELL_000263,1,0.00017006802721088434
CELL_003370,1,0.00017006802721088434
CELL_004062,1,0.00017006802721088434
CELL_002161,1,0.00017006802721088434
CELL_000699,1,0.00017006802721088434
CELL_005817,1,0.00017006802721088434
CELL_003000,1,0.00017006802721088434
CELL_003697,1,0.00017006802721088434
CELL_001637,1,0.00017006802721088434
CELL_003458,1,0.00017006802721088434
CELL_003582,1,0.00017006802721088434
CELL_002778,1,0.00017006802721088434
CELL_001708,1,0.00017006802721088434
CELL_005173,1,0.00017006802721088434
CELL_005250,1,0.00017006802721088434
CELL_003475,1,0.00017006802721088434
CELL_000855,1,0.00017006802721088434
CELL_004738,1,0.00017006802721088434
CELL_004098,1,0.00017006802721088434
CELL_004497,1,0.00017006802721088434
CELL_004219,1,0.00017006802721088434
CELL_003256,1,0.00017006802721088434
CELL_000203,1,0.00017006802721088434
CELL_003511,1,0.00017006802721088434
CELL_004932,1,0.00017006802721088434
CELL_005536,1,0.00017006802721088434
CELL_001734,1,0.00017006802721088434
CELL_000609,1,0.00017006802721088434
CELL_003583,1,0.00017006802721088434
CELL_001931,1,0.00017006802721088434
CELL_000198,1,0.00017006802721088434
CELL_002932,1,0.00017006802721088434
CELL_002328,1,0.00017006802721088434
CELL_004390,1,0.00017006802721088434
CELL_000767,1,0.00017006802721088434
CELL_001307,1,0.00017006802721088434
CELL_005497,1,0.00017006802721088434
CELL_005505,1,0.00017006802721088434
CELL_002238,1,0.00017006802721088434
CELL_003303,1,0.00017006802721088434
CELL_005593,1,0.00017006802721088434
CELL_002039,1,0.00017006802721088434
CELL_001530,1,0.00017006802721088434
CELL_004745,1,0.00017006802721088434
CELL_005531,1,0.00017006802721088434
CELL_005576,1,0.00017006802721088434
CELL_000710,1,0.00017006802721088434
CELL_001283,1,0.00017006802721088434
CELL_005069,1,0.00017006802721088434
CELL_002676,1,0.00017006802721088434
CELL_004030,1,0.00017006802721088434
CELL_003744,1,0.00017006802721088434
CELL_003446,1,0.00017006802721088434
CELL_001999,1,0.00017006802721088434
CELL_000664,1,0.00017006802721088434
CELL_004780,1,0.00017006802721088434
CELL_005354,1,0.00017006802721088434
CELL_003749,1,0.00017006802721088434
CELL_004414,1,0.00017006802721088434
CELL_001292,1,0.00017006802721088434
CELL_004660,1,0.00017006802721088434
CELL_005617,1,0.00017006802721088434
CELL_001854,1,0.00017006802721088434
CELL_005233,1,0.00017006802721088434
CELL_003764,1,0.00017006802721088434
CELL_003305,1,0.00017006802721088434
CELL_005777,1,0.00017006802721088434
CELL_002791,1,0.00017006802721088434
CELL_000864,1,0.00017006802721088434
CELL_001485,1,0.00017006802721088434
CELL_005135,1,0.00017006802721088434
CELL_000207,1,0.00017006802721088434
CELL_004489,1,0.00017006802721088434
CELL_000871,1,0.00017006802721088434
CELL_004494,1,0.00017006802721088434
CELL_001060,1,0.00017006802721088434
CELL_004637,1,0.00017006802721088434
CELL_003243,1,0.00017006802721088434
CELL_001679,1,0.00017006802721088434
CELL_001758,1,0.00017006802721088434
CELL_004192,1,0.00017006802721088434
CELL_005117,1,0.00017006802721088434
CELL_000564,1,0.00017006802721088434
CELL_003061,1,0.00017006802721088434
CELL_001598,1,0.00017006802721088434
CELL_002730,1,0.00017006802721088434
CELL_002626,1,0.00017006802721088434
CELL_003158,1,0.00017006802721088434
CELL_003315,1,0.00017006802721088434
CELL_001723,1,0.00017006802721088434
CELL_005280,1,0.00017006802721088434
CELL_001664,1,0.00017006802721088434
CELL_005451,1,0.00017006802721088434
CELL_005802,1,0.00017006802721088434
CELL_005824,1,0.00017006802721088434
CELL_003628,1,0.00017006802721088434
CELL_005148,1,0.00017006802721088434
CELL_004892,1,0.00017006802721088434
CELL_002694,1,0.00017006802721088434
CELL_001496,1,0.00017006802721088434
CELL_002696,1,0.00017006802721088434
CELL_002028,1,0.00017006802721088434
CELL_005249,1,0.00017006802721088434
CELL_005464,1,0.00017006802721088434
CELL_002569,1,0.00017006802721088434
CELL_000065,1,0.00017006802721088434
CELL_003885,1,0.00017006802721088434
CELL_003100,1,0.00017006802721088434
CELL_002279,1,0.00017006802721088434
CELL_003562,1,0.00017006802721088434
CELL_004475,1,0.00017006802721088434
CELL_004515,1,0.00017006802721088434
CELL_000392,1,0.00017006802721088434
CELL_005619,1,0.00017006802721088434
CELL_005259,1,0.00017006802721088434
CELL_002732,1,0.00017006802721088434
CELL_000805,1,0.00017006802721088434
CELL_003646,1,0.00017006802721088434
CELL_002455,1,0.00017006802721088434
CELL_004599,1,0.00017006802721088434
CELL_003105,1,0.00017006802721088434
CELL_004876,1,0.00017006802721088434
CELL_000201,1,0.00017006802721088434
CELL_000503,1,0.00017006802721088434
CELL_001029,1,0.00017006802721088434
CELL_003841,1,0.00017006802721088434
CELL_002691,1,0.00017006802721088434
CELL_005582,1,0.00017006802721088434
CELL_005057,1,0.00017006802721088434
CELL_001571,1,0.00017006802721088434
CELL_002774,1,0.00017006802721088434
CELL_005226,1,0.00017006802721088434
CELL_002614,1,0.00017006802721088434
CELL_003462,1,0.00017006802721088434
CELL_001022,1,0.00017006802721088434
CELL_003074,1,0.00017006802721088434
CELL_003944,1,0.00017006802721088434
CELL_001586,1,0.00017006802721088434
CELL_001956,1,0.00017006802721088434
CELL_000996,1,0.00017006802721088434
CELL_001982,1,0.00017006802721088434
CELL_004298,1,0.00017006802721088434
CELL_000162,1,0.00017006802721088434
CELL_005676,1,0.00017006802721088434
CELL_004799,1,0.00017006802721088434
CELL_001501,1,0.00017006802721088434
CELL_003844,1,0.00017006802721088434
CELL_000879,1,0.00017006802721088434
CELL_000338,1,0.00017006802721088434
CELL_001017,1,0.00017006802721088434
CELL_001276,1,0.00017006802721088434
CELL_003799,1,0.00017006802721088434
CELL_004552,1,0.00017006802721088434
CELL_003343,1,0.00017006802721088434
CELL_004912,1,0.00017006802721088434
CELL_002063,1,0.00017006802721088434
CELL_005277,1,0.00017006802721088434
CELL_000493,1,0.00017006802721088434
CELL_000380,1,0.00017006802721088434
CELL_004860,1,0.00017006802721088434
CELL_003994,1,0.00017006802721088434
CELL_004888,1,0.00017006802721088434
CELL_001077,1,0.00017006802721088434
CELL_000467,1,0.00017006802721088434
CELL_005735,1,0.00017006802721088434
CELL_003093,1,0.00017006802721088434
CELL_003773,1,0.00017006802721088434
CELL_005192,1,0.00017006802721088434
CELL_005227,1,0.00017006802721088434
CELL_005391,1,0.00017006802721088434
CELL_000409,1,0.00017006802721088434
CELL_001686,1,0.00017006802721088434
CELL_000131,1,0.00017006802721088434
CELL_002920,1,0.00017006802721088434
CELL_003172,1,0.00017006802721088434
CELL_003445,1,0.00017006802721088434
CELL_005579,1,0.00017006802721088434
CELL_004427,1,0.00017006802721088434
CELL_005335,1,0.00017006802721088434
CELL_004556,1,0.00017006802721088434
CELL_001185,1,0.00017006802721088434
CELL_005052,1,0.00017006802721088434
CELL_005312,1,0.00017006802721088434
CELL_002434,1,0.00017006802721088434
CELL_005612,1,0.00017006802721088434
CELL_002392,1,0.00017006802721088434
CELL_000770,1,0.00017006802721088434
CELL_002048,1,0.00017006802721088434
CELL_002559,1,0.00017006802721088434
CELL_001083,1,0.00017006802721088434
CELL_000475,1,0.00017006802721088434
CELL_002905,1,0.00017006802721088434
CELL_004844,1,0.00017006802721088434
CELL_004118,1,0.00017006802721088434
CELL_003386,1,0.00017006802721088434
CELL_004978,1,0.00017006802721088434
CELL_001216,1,0.00017006802721088434
CELL_004771,1,0.00017006802721088434
CELL_005446,1,0.00017006802721088434
CELL_002575,1,0.00017006802721088434
CELL_004748,1,0.00017006802721088434
CELL_004790,1,0.00017006802721088434
CELL_001421,1,0.00017006802721088434
CELL_002663,1,0.00017006802721088434
CELL_002216,1,0.00017006802721088434
CELL_003159,1,0.00017006802721088434
CELL_000655,1,0.00017006802721088434
CELL_005271,1,0.00017006802721088434
CELL_002005,1,0.00017006802721088434
CELL_000878,1,0.00017006802721088434
CELL_004083,1,0.00017006802721088434
CELL_000024,1,0.00017006802721088434
CELL_003050,1,0.00017006802721088434
CELL_001469,1,0.00017006802721088434
CELL_004773,1,0.00017006802721088434
CELL_004315,1,0.00017006802721088434
CELL_003600,1,0.00017006802721088434
CELL_002708,1,0.00017006802721088434
CELL_005204,1,0.00017006802721088434
CELL_002314,1,0.00017006802721088434
CELL_002136,1,0.00017006802721088434
CELL_002331,1,0.00017006802721088434
CELL_001254,1,0.00017006802721088434
CELL_002092,1,0.00017006802721088434
CELL_000997,1,0.00017006802721088434
CELL_001040,1,0.00017006802721088434
CELL_000222,1,0.00017006802721088434
